-- Insert customers
INSERT INTO customers (id, name, email, created_at) VALUES (1, 'Customer_1', 'customer_1@wsd.com', '2025-07-19 12:31:40');
INSERT INTO customers (id, name, email, created_at) VALUES (2, 'Customer_2', 'customer_2@wsd.com', '2025-07-19 12:31:40');
INSERT INTO customers (id, name, email, created_at) VALUES (3, 'Customer_3', 'customer_3@wsd.com', '2025-07-19 12:31:40');
INSERT INTO customers (id, name, email, created_at) VALUES (4, 'Customer_4', 'customer_4@wsd.com', '2025-07-19 12:31:40');
INSERT INTO customers (id, name, email, created_at) VALUES (5, 'Customer_5', 'customer_5@wsd.com', '2025-07-19 12:31:40');
INSERT INTO customers (id, name, email, created_at) VALUES (6, 'Customer_6', 'customer_6@wsd.com', '2025-07-19 12:31:40');
INSERT INTO customers (id, name, email, created_at) VALUES (7, 'Customer_7', 'customer_7@wsd.com', '2025-07-19 12:31:40');
INSERT INTO customers (id, name, email, created_at) VALUES (8, 'Customer_8', 'customer_8@wsd.com', '2025-07-19 12:31:40');
INSERT INTO customers (id, name, email, created_at) VALUES (9, 'Customer_9', 'customer_9@wsd.com', '2025-07-19 12:31:40');
INSERT INTO customers (id, name, email, created_at) VALUES (10, 'Customer_10', 'customer_10@wsd.com', '2025-07-19 12:31:40');
INSERT INTO customers (id, name, email, created_at) VALUES (11, 'Customer_11', 'customer_11@wsd.com', '2025-07-19 12:31:40');
INSERT INTO customers (id, name, email, created_at) VALUES (12, 'Customer_12', 'customer_12@wsd.com', '2025-07-19 12:31:40');
INSERT INTO customers (id, name, email, created_at) VALUES (13, 'Customer_13', 'customer_13@wsd.com', '2025-07-19 12:31:40');
INSERT INTO customers (id, name, email, created_at) VALUES (14, 'Customer_14', 'customer_14@wsd.com', '2025-07-19 12:31:40');
INSERT INTO customers (id, name, email, created_at) VALUES (15, 'Customer_15', 'customer_15@wsd.com', '2025-07-19 12:31:40');
INSERT INTO customers (id, name, email, created_at) VALUES (16, 'Customer_16', 'customer_16@wsd.com', '2025-07-19 12:31:40');
INSERT INTO customers (id, name, email, created_at) VALUES (17, 'Customer_17', 'customer_17@wsd.com', '2025-07-19 12:31:40');
INSERT INTO customers (id, name, email, created_at) VALUES (18, 'Customer_18', 'customer_18@wsd.com', '2025-07-19 12:31:40');
INSERT INTO customers (id, name, email, created_at) VALUES (19, 'Customer_19', 'customer_19@wsd.com', '2025-07-19 12:31:40');
INSERT INTO customers (id, name, email, created_at) VALUES (20, 'Customer_20', 'customer_20@wsd.com', '2025-07-19 12:31:40');
INSERT INTO customers (id, name, email, created_at) VALUES (21, 'Customer_21', 'customer_21@wsd.com', '2025-07-19 12:31:40');
INSERT INTO customers (id, name, email, created_at) VALUES (22, 'Customer_22', 'customer_22@wsd.com', '2025-07-19 12:31:40');
INSERT INTO customers (id, name, email, created_at) VALUES (23, 'Customer_23', 'customer_23@wsd.com', '2025-07-19 12:31:40');
INSERT INTO customers (id, name, email, created_at) VALUES (24, 'Customer_24', 'customer_24@wsd.com', '2025-07-19 12:31:40');
INSERT INTO customers (id, name, email, created_at) VALUES (25, 'Customer_25', 'customer_25@wsd.com', '2025-07-19 12:31:40');
INSERT INTO customers (id, name, email, created_at) VALUES (26, 'Customer_26', 'customer_26@wsd.com', '2025-07-19 12:31:40');
INSERT INTO customers (id, name, email, created_at) VALUES (27, 'Customer_27', 'customer_27@wsd.com', '2025-07-19 12:31:40');
INSERT INTO customers (id, name, email, created_at) VALUES (28, 'Customer_28', 'customer_28@wsd.com', '2025-07-19 12:31:40');
INSERT INTO customers (id, name, email, created_at) VALUES (29, 'Customer_29', 'customer_29@wsd.com', '2025-07-19 12:31:40');
INSERT INTO customers (id, name, email, created_at) VALUES (30, 'Customer_30', 'customer_30@wsd.com', '2025-07-19 12:31:40');
INSERT INTO customers (id, name, email, created_at) VALUES (31, 'Customer_31', 'customer_31@wsd.com', '2025-07-19 12:31:40');
INSERT INTO customers (id, name, email, created_at) VALUES (32, 'Customer_32', 'customer_32@wsd.com', '2025-07-19 12:31:40');
INSERT INTO customers (id, name, email, created_at) VALUES (33, 'Customer_33', 'customer_33@wsd.com', '2025-07-19 12:31:40');
INSERT INTO customers (id, name, email, created_at) VALUES (34, 'Customer_34', 'customer_34@wsd.com', '2025-07-19 12:31:40');
INSERT INTO customers (id, name, email, created_at) VALUES (35, 'Customer_35', 'customer_35@wsd.com', '2025-07-19 12:31:40');
INSERT INTO customers (id, name, email, created_at) VALUES (36, 'Customer_36', 'customer_36@wsd.com', '2025-07-19 12:31:40');
INSERT INTO customers (id, name, email, created_at) VALUES (37, 'Customer_37', 'customer_37@wsd.com', '2025-07-19 12:31:40');
INSERT INTO customers (id, name, email, created_at) VALUES (38, 'Customer_38', 'customer_38@wsd.com', '2025-07-19 12:31:40');
INSERT INTO customers (id, name, email, created_at) VALUES (39, 'Customer_39', 'customer_39@wsd.com', '2025-07-19 12:31:40');
INSERT INTO customers (id, name, email, created_at) VALUES (40, 'Customer_40', 'customer_40@wsd.com', '2025-07-19 12:31:40');
INSERT INTO customers (id, name, email, created_at) VALUES (41, 'Customer_41', 'customer_41@wsd.com', '2025-07-19 12:31:40');
INSERT INTO customers (id, name, email, created_at) VALUES (42, 'Customer_42', 'customer_42@wsd.com', '2025-07-19 12:31:40');
INSERT INTO customers (id, name, email, created_at) VALUES (43, 'Customer_43', 'customer_43@wsd.com', '2025-07-19 12:31:40');
INSERT INTO customers (id, name, email, created_at) VALUES (44, 'Customer_44', 'customer_44@wsd.com', '2025-07-19 12:31:40');
INSERT INTO customers (id, name, email, created_at) VALUES (45, 'Customer_45', 'customer_45@wsd.com', '2025-07-19 12:31:40');
INSERT INTO customers (id, name, email, created_at) VALUES (46, 'Customer_46', 'customer_46@wsd.com', '2025-07-19 12:31:40');
INSERT INTO customers (id, name, email, created_at) VALUES (47, 'Customer_47', 'customer_47@wsd.com', '2025-07-19 12:31:40');
INSERT INTO customers (id, name, email, created_at) VALUES (48, 'Customer_48', 'customer_48@wsd.com', '2025-07-19 12:31:40');
INSERT INTO customers (id, name, email, created_at) VALUES (49, 'Customer_49', 'customer_49@wsd.com', '2025-07-19 12:31:40');
INSERT INTO customers (id, name, email, created_at) VALUES (50, 'Customer_50', 'customer_50@wsd.com', '2025-07-19 12:31:40');

-- Insert products
INSERT INTO products (id, name, description, price, created_at) VALUES (1, 'Product_1', 'Description for product_1', 150.69, '2025-07-19 12:31:40');
INSERT INTO products (id, name, description, price, created_at) VALUES (2, 'Product_2', 'Description for product_2', 470.08, '2025-07-19 12:31:40');
INSERT INTO products (id, name, description, price, created_at) VALUES (3, 'Product_3', 'Description for product_3', 348.31, '2025-07-19 12:31:40');
INSERT INTO products (id, name, description, price, created_at) VALUES (4, 'Product_4', 'Description for product_4', 281.34, '2025-07-19 12:31:40');
INSERT INTO products (id, name, description, price, created_at) VALUES (5, 'Product_5', 'Description for product_5', 311.77, '2025-07-19 12:31:40');
INSERT INTO products (id, name, description, price, created_at) VALUES (6, 'Product_6', 'Description for product_6', 164.84, '2025-07-19 12:31:40');
INSERT INTO products (id, name, description, price, created_at) VALUES (7, 'Product_7', 'Description for product_7', 338.86, '2025-07-19 12:31:40');
INSERT INTO products (id, name, description, price, created_at) VALUES (8, 'Product_8', 'Description for product_8', 149.79, '2025-07-19 12:31:40');
INSERT INTO products (id, name, description, price, created_at) VALUES (9, 'Product_9', 'Description for product_9', 182.39, '2025-07-19 12:31:40');
INSERT INTO products (id, name, description, price, created_at) VALUES (10, 'Product_10', 'Description for product_10', 412.55, '2025-07-19 12:31:40');
INSERT INTO products (id, name, description, price, created_at) VALUES (11, 'Product_11', 'Description for product_11', 465.61, '2025-07-19 12:31:40');
INSERT INTO products (id, name, description, price, created_at) VALUES (12, 'Product_12', 'Description for product_12', 540.40, '2025-07-19 12:31:40');
INSERT INTO products (id, name, description, price, created_at) VALUES (13, 'Product_13', 'Description for product_13', 255.14, '2025-07-19 12:31:40');
INSERT INTO products (id, name, description, price, created_at) VALUES (14, 'Product_14', 'Description for product_14', 104.52, '2025-07-19 12:31:40');
INSERT INTO products (id, name, description, price, created_at) VALUES (15, 'Product_15', 'Description for product_15', 207.16, '2025-07-19 12:31:40');
INSERT INTO products (id, name, description, price, created_at) VALUES (16, 'Product_16', 'Description for product_16', 172.23, '2025-07-19 12:31:40');
INSERT INTO products (id, name, description, price, created_at) VALUES (17, 'Product_17', 'Description for product_17', 189.70, '2025-07-19 12:31:40');
INSERT INTO products (id, name, description, price, created_at) VALUES (18, 'Product_18', 'Description for product_18', 381.78, '2025-07-19 12:31:40');
INSERT INTO products (id, name, description, price, created_at) VALUES (19, 'Product_19', 'Description for product_19', 289.82, '2025-07-19 12:31:40');
INSERT INTO products (id, name, description, price, created_at) VALUES (20, 'Product_20', 'Description for product_20', 253.75, '2025-07-19 12:31:40');
INSERT INTO products (id, name, description, price, created_at) VALUES (21, 'Product_21', 'Description for product_21', 349.29, '2025-07-19 12:31:40');
INSERT INTO products (id, name, description, price, created_at) VALUES (22, 'Product_22', 'Description for product_22', 435.22, '2025-07-19 12:31:40');
INSERT INTO products (id, name, description, price, created_at) VALUES (23, 'Product_23', 'Description for product_23', 78.23, '2025-07-19 12:31:40');
INSERT INTO products (id, name, description, price, created_at) VALUES (24, 'Product_24', 'Description for product_24', 535.48, '2025-07-19 12:31:40');
INSERT INTO products (id, name, description, price, created_at) VALUES (25, 'Product_25', 'Description for product_25', 392.73, '2025-07-19 12:31:40');
INSERT INTO products (id, name, description, price, created_at) VALUES (26, 'Product_26', 'Description for product_26', 307.21, '2025-07-19 12:31:40');
INSERT INTO products (id, name, description, price, created_at) VALUES (27, 'Product_27', 'Description for product_27', 307.84, '2025-07-19 12:31:40');
INSERT INTO products (id, name, description, price, created_at) VALUES (28, 'Product_28', 'Description for product_28', 67.59, '2025-07-19 12:31:40');
INSERT INTO products (id, name, description, price, created_at) VALUES (29, 'Product_29', 'Description for product_29', 364.41, '2025-07-19 12:31:40');
INSERT INTO products (id, name, description, price, created_at) VALUES (30, 'Product_30', 'Description for product_30', 69.27, '2025-07-19 12:31:40');
INSERT INTO products (id, name, description, price, created_at) VALUES (31, 'Product_31', 'Description for product_31', 203.14, '2025-07-19 12:31:40');
INSERT INTO products (id, name, description, price, created_at) VALUES (32, 'Product_32', 'Description for product_32', 257.89, '2025-07-19 12:31:40');
INSERT INTO products (id, name, description, price, created_at) VALUES (33, 'Product_33', 'Description for product_33', 130.04, '2025-07-19 12:31:40');
INSERT INTO products (id, name, description, price, created_at) VALUES (34, 'Product_34', 'Description for product_34', 326.51, '2025-07-19 12:31:40');
INSERT INTO products (id, name, description, price, created_at) VALUES (35, 'Product_35', 'Description for product_35', 192.43, '2025-07-19 12:31:40');
INSERT INTO products (id, name, description, price, created_at) VALUES (36, 'Product_36', 'Description for product_36', 432.62, '2025-07-19 12:31:40');
INSERT INTO products (id, name, description, price, created_at) VALUES (37, 'Product_37', 'Description for product_37', 535.82, '2025-07-19 12:31:40');
INSERT INTO products (id, name, description, price, created_at) VALUES (38, 'Product_38', 'Description for product_38', 331.24, '2025-07-19 12:31:40');
INSERT INTO products (id, name, description, price, created_at) VALUES (39, 'Product_39', 'Description for product_39', 498.75, '2025-07-19 12:31:40');
INSERT INTO products (id, name, description, price, created_at) VALUES (40, 'Product_40', 'Description for product_40', 10000.00, '2025-07-19 12:31:40');
INSERT INTO products (id, name, description, price, created_at) VALUES (41, 'Product_41', 'Description for product_41', 203.94, '2025-07-19 12:31:40');
INSERT INTO products (id, name, description, price, created_at) VALUES (42, 'Product_42', 'Description for product_42', 119.60, '2025-07-19 12:31:40');
INSERT INTO products (id, name, description, price, created_at) VALUES (43, 'Product_43', 'Description for product_43', 436.14, '2025-07-19 12:31:40');
INSERT INTO products (id, name, description, price, created_at) VALUES (44, 'Product_44', 'Description for product_44', 271.94, '2025-07-19 12:31:40');
INSERT INTO products (id, name, description, price, created_at) VALUES (45, 'Product_45', 'Description for product_45', 501.25, '2025-07-19 12:31:40');
INSERT INTO products (id, name, description, price, created_at) VALUES (46, 'Product_46', 'Description for product_46', 140.44, '2025-07-19 12:31:40');
INSERT INTO products (id, name, description, price, created_at) VALUES (47, 'Product_47', 'Description for product_47', 148.44, '2025-07-19 12:31:40');
INSERT INTO products (id, name, description, price, created_at) VALUES (48, 'Product_48', 'Description for product_48', 270.87, '2025-07-19 12:31:40');
INSERT INTO products (id, name, description, price, created_at) VALUES (49, 'Product_49', 'Description for product_49', 359.04, '2025-07-19 12:31:40');
INSERT INTO products (id, name, description, price, created_at) VALUES (50, 'Product_50', 'Description for product_50', 432.58, '2025-07-19 12:31:40');
INSERT INTO products (id, name, description, price, created_at) VALUES (51, 'Product_51', 'Description for product_51', 535.78, '2025-07-19 12:31:40');
INSERT INTO products (id, name, description, price, created_at) VALUES (52, 'Product_52', 'Description for product_52', 331.18, '2025-07-19 12:31:40');
INSERT INTO products (id, name, description, price, created_at) VALUES (53, 'Product_53', 'Description for product_53', 498.53, '2025-07-19 12:31:40');
INSERT INTO products (id, name, description, price, created_at) VALUES (54, 'Product_54', 'Description for product_54', 449.12, '2025-07-19 12:31:40');
INSERT INTO products (id, name, description, price, created_at) VALUES (55, 'Product_55', 'Description for product_55', 200.01, '2025-07-19 12:31:40');
INSERT INTO products (id, name, description, price, created_at) VALUES (56, 'Product_56', 'Description for product_56', 102.71, '2025-07-19 12:31:40');
INSERT INTO products (id, name, description, price, created_at) VALUES (57, 'Product_57', 'Description for product_57', 363.52, '2025-07-19 12:31:40');
INSERT INTO products (id, name, description, price, created_at) VALUES (58, 'Product_58', 'Description for product_58', 459.45, '2025-07-19 12:31:40');
INSERT INTO products (id, name, description, price, created_at) VALUES (59, 'Product_59', 'Description for product_59', 156.68, '2025-07-19 12:31:40');
INSERT INTO products (id, name, description, price, created_at) VALUES (60, 'Product_60', 'Description for product_60', 355.06, '2025-07-19 12:31:40');
INSERT INTO products (id, name, description, price, created_at) VALUES (61, 'Product_61', 'Description for product_61', 255.27, '2025-07-19 12:31:40');
INSERT INTO products (id, name, description, price, created_at) VALUES (62, 'Product_62', 'Description for product_62', 161.15, '2025-07-19 12:31:40');
INSERT INTO products (id, name, description, price, created_at) VALUES (63, 'Product_63', 'Description for product_63', 489.95, '2025-07-19 12:31:40');
INSERT INTO products (id, name, description, price, created_at) VALUES (64, 'Product_64', 'Description for product_64', 416.31, '2025-07-19 12:31:40');
INSERT INTO products (id, name, description, price, created_at) VALUES (65, 'Product_65', 'Description for product_65', 61.67, '2025-07-19 12:31:40');
INSERT INTO products (id, name, description, price, created_at) VALUES (66, 'Product_66', 'Description for product_66', 509.45, '2025-07-19 12:31:40');
INSERT INTO products (id, name, description, price, created_at) VALUES (67, 'Product_67', 'Description for product_67', 312.21, '2025-07-19 12:31:40');
INSERT INTO products (id, name, description, price, created_at) VALUES (68, 'Product_68', 'Description for product_68', 482.73, '2025-07-19 12:31:40');
INSERT INTO products (id, name, description, price, created_at) VALUES (69, 'Product_69', 'Description for product_69', 427.01, '2025-07-19 12:31:40');
INSERT INTO products (id, name, description, price, created_at) VALUES (70, 'Product_70', 'Description for product_70', 136.85, '2025-07-19 12:31:40');
INSERT INTO products (id, name, description, price, created_at) VALUES (71, 'Product_71', 'Description for product_71', 353.23, '2025-07-19 12:31:40');
INSERT INTO products (id, name, description, price, created_at) VALUES (72, 'Product_72', 'Description for product_72', 305.59, '2025-07-19 12:31:40');
INSERT INTO products (id, name, description, price, created_at) VALUES (73, 'Product_73', 'Description for product_73', 418.25, '2025-07-19 12:31:40');
INSERT INTO products (id, name, description, price, created_at) VALUES (74, 'Product_74', 'Description for product_74', 124.51, '2025-07-19 12:31:40');
INSERT INTO products (id, name, description, price, created_at) VALUES (75, 'Product_75', 'Description for product_75', 317.79, '2025-07-19 12:31:40');
INSERT INTO products (id, name, description, price, created_at) VALUES (76, 'Product_76', 'Description for product_76', 165.40, '2025-07-19 12:31:40');
INSERT INTO products (id, name, description, price, created_at) VALUES (77, 'Product_77', 'Description for product_77', 323.63, '2025-07-19 12:31:40');
INSERT INTO products (id, name, description, price, created_at) VALUES (78, 'Product_78', 'Description for product_78', 71.95, '2025-07-19 12:31:40');
INSERT INTO products (id, name, description, price, created_at) VALUES (79, 'Product_79', 'Description for product_79', 338.87, '2025-07-19 12:31:40');
INSERT INTO products (id, name, description, price, created_at) VALUES (80, 'Product_80', 'Description for product_80', 428.50, '2025-07-19 12:31:40');
INSERT INTO products (id, name, description, price, created_at) VALUES (81, 'Product_81', 'Description for product_81', 75.87, '2025-07-19 12:31:40');
INSERT INTO products (id, name, description, price, created_at) VALUES (82, 'Product_82', 'Description for product_82', 543.85, '2025-07-19 12:31:40');
INSERT INTO products (id, name, description, price, created_at) VALUES (83, 'Product_83', 'Description for product_83', 441.66, '2025-07-19 12:31:40');
INSERT INTO products (id, name, description, price, created_at) VALUES (84, 'Product_84', 'Description for product_84', 526.76, '2025-07-19 12:31:40');
INSERT INTO products (id, name, description, price, created_at) VALUES (85, 'Product_85', 'Description for product_85', 258.79, '2025-07-19 12:31:40');
INSERT INTO products (id, name, description, price, created_at) VALUES (86, 'Product_86', 'Description for product_86', 163.70, '2025-07-19 12:31:40');
INSERT INTO products (id, name, description, price, created_at) VALUES (87, 'Product_87', 'Description for product_87', 492.10, '2025-07-19 12:31:40');
INSERT INTO products (id, name, description, price, created_at) VALUES (88, 'Product_88', 'Description for product_88', 419.41, '2025-07-19 12:31:40');
INSERT INTO products (id, name, description, price, created_at) VALUES (89, 'Product_89', 'Description for product_89', 70.76, '2025-07-19 12:31:40');
INSERT INTO products (id, name, description, price, created_at) VALUES (90, 'Product_90', 'Description for product_90', 545.56, '2025-07-19 12:31:40');
INSERT INTO products (id, name, description, price, created_at) VALUES (91, 'Product_91', 'Description for product_91', 465.53, '2025-07-19 12:31:40');
INSERT INTO products (id, name, description, price, created_at) VALUES (92, 'Product_92', 'Description for product_92', 140.97, '2025-07-19 12:31:40');
INSERT INTO products (id, name, description, price, created_at) VALUES (93, 'Product_93', 'Description for product_93', 258.25, '2025-07-19 12:31:40');
INSERT INTO products (id, name, description, price, created_at) VALUES (94, 'Product_94', 'Description for product_94', 10.00, '2025-07-19 12:31:40');
INSERT INTO products (id, name, description, price, created_at) VALUES (95, 'Product_95', 'Description for product_95', 266.95, '2025-07-19 12:31:40');
INSERT INTO products (id, name, description, price, created_at) VALUES (96, 'Product_96', 'Description for product_96', 329.72, '2025-07-19 12:31:40');
INSERT INTO products (id, name, description, price, created_at) VALUES (97, 'Product_97', 'Description for product_97', 297.77, '2025-07-19 12:31:40');
INSERT INTO products (id, name, description, price, created_at) VALUES (98, 'Product_98', 'Description for product_98', 449.70, '2025-07-19 12:31:40');
INSERT INTO products (id, name, description, price, created_at) VALUES (99, 'Product_99', 'Description for product_99', 305.19, '2025-07-19 12:31:40');
INSERT INTO products (id, name, description, price, created_at) VALUES (100, 'Product_100', 'Description for product_100', 126.85, '2025-07-19 12:31:40');

-- Insert orders
INSERT INTO orders (id, customer_id, total_amount, order_date) VALUES (1, 12, 775.76, '2025-10-02');
INSERT INTO orders (id, customer_id, total_amount, order_date) VALUES (2, 21, 330.76, '2025-05-23');
INSERT INTO orders (id, customer_id, total_amount, order_date) VALUES (3, 5, 915.55, '2025-05-03');
INSERT INTO orders (id, customer_id, total_amount, order_date) VALUES (4, 39, 713.67, '2025-10-14');
INSERT INTO orders (id, customer_id, total_amount, order_date) VALUES (5, 47, 773.80, '2025-09-12');
INSERT INTO orders (id, customer_id, total_amount, order_date) VALUES (6, 45, 1034.53, '2025-06-07');
INSERT INTO orders (id, customer_id, total_amount, order_date) VALUES (7, 21, 270.28, '2025-09-25');
INSERT INTO orders (id, customer_id, total_amount, order_date) VALUES (8, 37, 90.28, '2025-10-16');
INSERT INTO orders (id, customer_id, total_amount, order_date) VALUES (9, 43, 324.40, '2025-09-14');
INSERT INTO orders (id, customer_id, total_amount, order_date) VALUES (10, 14, 914.67, '2025-07-25');
INSERT INTO orders (id, customer_id, total_amount, order_date) VALUES (11, 4, 814.76, '2025-08-06');
INSERT INTO orders (id, customer_id, total_amount, order_date) VALUES (12, 37, 885.02, '2025-10-14');
INSERT INTO orders (id, customer_id, total_amount, order_date) VALUES (13, 22, 202.85, '2025-07-18');
INSERT INTO orders (id, customer_id, total_amount, order_date) VALUES (14, 2, 732.30, '2025-06-13');
INSERT INTO orders (id, customer_id, total_amount, order_date) VALUES (15, 24, 507.40, '2025-09-22');
INSERT INTO orders (id, customer_id, total_amount, order_date) VALUES (16, 48, 219.93, '2025-10-15');
INSERT INTO orders (id, customer_id, total_amount, order_date) VALUES (17, 23, 294.46, '2025-09-27');
INSERT INTO orders (id, customer_id, total_amount, order_date) VALUES (18, 37, 1019.03, '2025-08-16');
INSERT INTO orders (id, customer_id, total_amount, order_date) VALUES (19, 19, 972.03, '2025-07-14');
INSERT INTO orders (id, customer_id, total_amount, order_date) VALUES (20, 31, 648.31, '2025-05-22');
INSERT INTO orders (id, customer_id, total_amount, order_date) VALUES (21, 6, 1019.86, '2025-07-27');
INSERT INTO orders (id, customer_id, total_amount, order_date) VALUES (22, 41, 484.20, '2025-08-29');
INSERT INTO orders (id, customer_id, total_amount, order_date) VALUES (23, 18, 600.16, '2025-08-25');
INSERT INTO orders (id, customer_id, total_amount, order_date) VALUES (24, 45, 339.41, '2025-09-11');
INSERT INTO orders (id, customer_id, total_amount, order_date) VALUES (25, 8, 348.64, '2025-05-02');
INSERT INTO orders (id, customer_id, total_amount, order_date) VALUES (26, 23, 127.38, '2025-04-22');
INSERT INTO orders (id, customer_id, total_amount, order_date) VALUES (27, 42, 177.18, '2025-05-14');
INSERT INTO orders (id, customer_id, total_amount, order_date) VALUES (28, 15, 135.32, '2025-07-24');
INSERT INTO orders (id, customer_id, total_amount, order_date) VALUES (29, 20, 441.83, '2025-09-05');
INSERT INTO orders (id, customer_id, total_amount, order_date) VALUES (30, 34, 92.33, '2025-05-26');
INSERT INTO orders (id, customer_id, total_amount, order_date) VALUES (31, 45, 857.29, '2025-06-28');
INSERT INTO orders (id, customer_id, total_amount, order_date) VALUES (32, 27, 490.41, '2025-08-12');
INSERT INTO orders (id, customer_id, total_amount, order_date) VALUES (33, 44, 486.18, '2025-07-31');
INSERT INTO orders (id, customer_id, total_amount, order_date) VALUES (34, 28, 53.43, '2025-06-28');
INSERT INTO orders (id, customer_id, total_amount, order_date) VALUES (35, 47, 547.18, '2025-08-21');
INSERT INTO orders (id, customer_id, total_amount, order_date) VALUES (36, 48, 732.01, '2025-07-30');
INSERT INTO orders (id, customer_id, total_amount, order_date) VALUES (37, 39, 187.24, '2025-06-29');
INSERT INTO orders (id, customer_id, total_amount, order_date) VALUES (38, 28, 614.92, '2025-05-22');
INSERT INTO orders (id, customer_id, total_amount, order_date) VALUES (39, 11, 537.86, '2025-09-15');
INSERT INTO orders (id, customer_id, total_amount, order_date) VALUES (40, 33, 826.31, '2025-10-05');
INSERT INTO orders (id, customer_id, total_amount, order_date) VALUES (41, 18, 982.33, '2025-08-09');
INSERT INTO orders (id, customer_id, total_amount, order_date) VALUES (42, 15, 676.42, '2025-06-02');
INSERT INTO orders (id, customer_id, total_amount, order_date) VALUES (43, 17, 990.29, '2025-08-24');
INSERT INTO orders (id, customer_id, total_amount, order_date) VALUES (44, 35, 360.25, '2025-07-19');
INSERT INTO orders (id, customer_id, total_amount, order_date) VALUES (45, 30, 482.45, '2025-06-30');
INSERT INTO orders (id, customer_id, total_amount, order_date) VALUES (46, 35, 268.78, '2025-04-29');
INSERT INTO orders (id, customer_id, total_amount, order_date) VALUES (47, 30, 876.38, '2025-06-21');
INSERT INTO orders (id, customer_id, total_amount, order_date) VALUES (48, 13, 253.46, '2025-06-08');
INSERT INTO orders (id, customer_id, total_amount, order_date) VALUES (49, 38, 1014.68, '2025-07-28');
INSERT INTO orders (id, customer_id, total_amount, order_date) VALUES (50, 44, 730.81, '2025-09-11');
INSERT INTO orders (id, customer_id, total_amount, order_date) VALUES (51, 49, 468.30, '2025-05-25');
INSERT INTO orders (id, customer_id, total_amount, order_date) VALUES (52, 37, 132.47, '2025-05-27');
INSERT INTO orders (id, customer_id, total_amount, order_date) VALUES (53, 40, 353.63, '2025-05-19');
INSERT INTO orders (id, customer_id, total_amount, order_date) VALUES (54, 46, 113.49, '2025-08-03');
INSERT INTO orders (id, customer_id, total_amount, order_date) VALUES (55, 37, 931.34, '2025-05-31');
INSERT INTO orders (id, customer_id, total_amount, order_date) VALUES (56, 25, 842.87, '2025-07-15');
INSERT INTO orders (id, customer_id, total_amount, order_date) VALUES (57, 1, 683.30, '2025-05-12');
INSERT INTO orders (id, customer_id, total_amount, order_date) VALUES (58, 37, 306.56, '2025-05-08');
INSERT INTO orders (id, customer_id, total_amount, order_date) VALUES (59, 38, 475.70, '2025-09-26');
INSERT INTO orders (id, customer_id, total_amount, order_date) VALUES (60, 8, 178.58, '2025-05-20');
INSERT INTO orders (id, customer_id, total_amount, order_date) VALUES (61, 23, 842.35, '2025-08-02');
INSERT INTO orders (id, customer_id, total_amount, order_date) VALUES (62, 27, 966.63, '2025-10-14');
INSERT INTO orders (id, customer_id, total_amount, order_date) VALUES (63, 9, 986.50, '2025-05-16');
INSERT INTO orders (id, customer_id, total_amount, order_date) VALUES (64, 47, 221.38, '2025-05-06');
INSERT INTO orders (id, customer_id, total_amount, order_date) VALUES (65, 47, 474.75, '2025-06-14');
INSERT INTO orders (id, customer_id, total_amount, order_date) VALUES (66, 13, 402.40, '2025-04-20');
INSERT INTO orders (id, customer_id, total_amount, order_date) VALUES (67, 48, 773.83, '2025-09-08');
INSERT INTO orders (id, customer_id, total_amount, order_date) VALUES (68, 38, 441.52, '2025-08-26');
INSERT INTO orders (id, customer_id, total_amount, order_date) VALUES (69, 20, 828.13, '2025-08-31');
INSERT INTO orders (id, customer_id, total_amount, order_date) VALUES (70, 20, 729.11, '2025-06-04');
INSERT INTO orders (id, customer_id, total_amount, order_date) VALUES (71, 11, 369.74, '2025-10-09');
INSERT INTO orders (id, customer_id, total_amount, order_date) VALUES (72, 42, 293.18, '2025-09-01');
INSERT INTO orders (id, customer_id, total_amount, order_date) VALUES (73, 1, 871.74, '2025-05-02');
INSERT INTO orders (id, customer_id, total_amount, order_date) VALUES (74, 44, 223.62, '2025-06-02');
INSERT INTO orders (id, customer_id, total_amount, order_date) VALUES (75, 35, 752.65, '2025-07-11');
INSERT INTO orders (id, customer_id, total_amount, order_date) VALUES (76, 9, 574.12, '2025-05-04');
INSERT INTO orders (id, customer_id, total_amount, order_date) VALUES (77, 43, 1008.11, '2025-06-07');
INSERT INTO orders (id, customer_id, total_amount, order_date) VALUES (78, 23, 547.43, '2025-05-09');
INSERT INTO orders (id, customer_id, total_amount, order_date) VALUES (79, 3, 975.57, '2025-07-14');
INSERT INTO orders (id, customer_id, total_amount, order_date) VALUES (80, 31, 665.32, '2025-06-03');
INSERT INTO orders (id, customer_id, total_amount, order_date) VALUES (81, 20, 284.91, '2025-10-14');
INSERT INTO orders (id, customer_id, total_amount, order_date) VALUES (82, 12, 229.20, '2025-05-28');
INSERT INTO orders (id, customer_id, total_amount, order_date) VALUES (83, 27, 1043.79, '2025-06-29');
INSERT INTO orders (id, customer_id, total_amount, order_date) VALUES (84, 49, 715.03, '2025-07-05');
INSERT INTO orders (id, customer_id, total_amount, order_date) VALUES (85, 7, 420.25, '2025-07-12');
INSERT INTO orders (id, customer_id, total_amount, order_date) VALUES (86, 11, 714.19, '2025-08-21');
INSERT INTO orders (id, customer_id, total_amount, order_date) VALUES (87, 22, 188.60, '2025-06-26');
INSERT INTO orders (id, customer_id, total_amount, order_date) VALUES (88, 23, 204.80, '2025-07-02');
INSERT INTO orders (id, customer_id, total_amount, order_date) VALUES (89, 29, 692.16, '2025-07-17');
INSERT INTO orders (id, customer_id, total_amount, order_date) VALUES (90, 27, 243.28, '2025-06-24');
INSERT INTO orders (id, customer_id, total_amount, order_date) VALUES (91, 13, 173.92, '2025-09-26');
INSERT INTO orders (id, customer_id, total_amount, order_date) VALUES (92, 4, 744.69, '2025-06-05');
INSERT INTO orders (id, customer_id, total_amount, order_date) VALUES (93, 10, 279.30, '2025-07-27');
INSERT INTO orders (id, customer_id, total_amount, order_date) VALUES (94, 3, 637.62, '2025-09-11');
INSERT INTO orders (id, customer_id, total_amount, order_date) VALUES (95, 13, 868.63, '2025-06-23');
INSERT INTO orders (id, customer_id, total_amount, order_date) VALUES (96, 18, 674.53, '2025-05-08');
INSERT INTO orders (id, customer_id, total_amount, order_date) VALUES (97, 32, 909.15, '2025-06-30');
INSERT INTO orders (id, customer_id, total_amount, order_date) VALUES (98, 21, 919.91, '2025-05-09');
INSERT INTO orders (id, customer_id, total_amount, order_date) VALUES (99, 48, 445.73, '2025-05-15');
INSERT INTO orders (id, customer_id, total_amount, order_date) VALUES (100, 26, 221.16, '2025-06-12');
INSERT INTO orders (id, customer_id, total_amount, order_date) VALUES (101, 50, 57.76, '2025-05-07');
INSERT INTO orders (id, customer_id, total_amount, order_date) VALUES (102, 23, 1049.53, '2025-08-10');
INSERT INTO orders (id, customer_id, total_amount, order_date) VALUES (103, 7, 802.88, '2025-06-28');
INSERT INTO orders (id, customer_id, total_amount, order_date) VALUES (104, 35, 293.37, '2025-05-21');
INSERT INTO orders (id, customer_id, total_amount, order_date) VALUES (105, 7, 192.09, '2025-06-15');
INSERT INTO orders (id, customer_id, total_amount, order_date) VALUES (106, 8, 846.38, '2025-07-25');
INSERT INTO orders (id, customer_id, total_amount, order_date) VALUES (107, 15, 923.50, '2025-07-14');
INSERT INTO orders (id, customer_id, total_amount, order_date) VALUES (108, 39, 428.08, '2025-08-07');
INSERT INTO orders (id, customer_id, total_amount, order_date) VALUES (109, 45, 712.12, '2025-08-10');
INSERT INTO orders (id, customer_id, total_amount, order_date) VALUES (110, 7, 811.21, '2025-07-06');
INSERT INTO orders (id, customer_id, total_amount, order_date) VALUES (111, 44, 69.80, '2025-07-21');
INSERT INTO orders (id, customer_id, total_amount, order_date) VALUES (112, 26, 81.43, '2025-08-08');
INSERT INTO orders (id, customer_id, total_amount, order_date) VALUES (113, 49, 1029.66, '2025-04-21');
INSERT INTO orders (id, customer_id, total_amount, order_date) VALUES (114, 6, 574.41, '2025-06-11');
INSERT INTO orders (id, customer_id, total_amount, order_date) VALUES (115, 44, 552.08, '2025-09-26');
INSERT INTO orders (id, customer_id, total_amount, order_date) VALUES (116, 47, 57.03, '2025-05-31');
INSERT INTO orders (id, customer_id, total_amount, order_date) VALUES (117, 8, 56.53, '2025-08-07');
INSERT INTO orders (id, customer_id, total_amount, order_date) VALUES (118, 2, 382.75, '2025-07-30');
INSERT INTO orders (id, customer_id, total_amount, order_date) VALUES (119, 42, 493.74, '2025-08-30');
INSERT INTO orders (id, customer_id, total_amount, order_date) VALUES (120, 18, 564.77, '2025-07-26');
INSERT INTO orders (id, customer_id, total_amount, order_date) VALUES (121, 9, 250.51, '2025-07-20');
INSERT INTO orders (id, customer_id, total_amount, order_date) VALUES (122, 47, 192.14, '2025-10-01');
INSERT INTO orders (id, customer_id, total_amount, order_date) VALUES (123, 7, 1007.16, '2025-06-25');
INSERT INTO orders (id, customer_id, total_amount, order_date) VALUES (124, 49, 785.17, '2025-09-06');
INSERT INTO orders (id, customer_id, total_amount, order_date) VALUES (125, 33, 1019.93, '2025-09-24');
INSERT INTO orders (id, customer_id, total_amount, order_date) VALUES (126, 24, 794.66, '2025-06-12');
INSERT INTO orders (id, customer_id, total_amount, order_date) VALUES (127, 13, 434.83, '2025-05-18');
INSERT INTO orders (id, customer_id, total_amount, order_date) VALUES (128, 32, 730.76, '2025-07-21');
INSERT INTO orders (id, customer_id, total_amount, order_date) VALUES (129, 27, 120.56, '2025-09-08');
INSERT INTO orders (id, customer_id, total_amount, order_date) VALUES (130, 37, 314.37, '2025-05-16');
INSERT INTO orders (id, customer_id, total_amount, order_date) VALUES (131, 47, 294.03, '2025-07-03');
INSERT INTO orders (id, customer_id, total_amount, order_date) VALUES (132, 17, 434.46, '2025-10-08');
INSERT INTO orders (id, customer_id, total_amount, order_date) VALUES (133, 31, 217.90, '2025-04-24');
INSERT INTO orders (id, customer_id, total_amount, order_date) VALUES (134, 32, 101.66, '2025-06-27');
INSERT INTO orders (id, customer_id, total_amount, order_date) VALUES (135, 38, 649.51, '2025-09-02');
INSERT INTO orders (id, customer_id, total_amount, order_date) VALUES (136, 49, 616.08, '2025-10-05');
INSERT INTO orders (id, customer_id, total_amount, order_date) VALUES (137, 50, 149.96, '2025-07-28');
INSERT INTO orders (id, customer_id, total_amount, order_date) VALUES (138, 24, 762.61, '2025-05-14');
INSERT INTO orders (id, customer_id, total_amount, order_date) VALUES (139, 28, 360.11, '2025-10-02');
INSERT INTO orders (id, customer_id, total_amount, order_date) VALUES (140, 34, 618.06, '2025-09-19');
INSERT INTO orders (id, customer_id, total_amount, order_date) VALUES (141, 27, 122.10, '2025-09-10');
INSERT INTO orders (id, customer_id, total_amount, order_date) VALUES (142, 39, 480.11, '2025-09-21');
INSERT INTO orders (id, customer_id, total_amount, order_date) VALUES (143, 1, 512.33, '2025-06-10');
INSERT INTO orders (id, customer_id, total_amount, order_date) VALUES (144, 3, 423.13, '2025-08-28');
INSERT INTO orders (id, customer_id, total_amount, order_date) VALUES (145, 26, 417.73, '2025-06-15');
INSERT INTO orders (id, customer_id, total_amount, order_date) VALUES (146, 23, 393.81, '2025-06-22');
INSERT INTO orders (id, customer_id, total_amount, order_date) VALUES (147, 37, 625.72, '2025-08-24');
INSERT INTO orders (id, customer_id, total_amount, order_date) VALUES (148, 39, 824.73, '2025-07-27');
INSERT INTO orders (id, customer_id, total_amount, order_date) VALUES (149, 21, 483.61, '2025-10-02');
INSERT INTO orders (id, customer_id, total_amount, order_date) VALUES (150, 16, 821.26, '2025-10-05');
INSERT INTO orders (id, customer_id, total_amount, order_date) VALUES (151, 18, 1043.25, '2025-09-26');
INSERT INTO orders (id, customer_id, total_amount, order_date) VALUES (152, 23, 686.04, '2025-09-11');
INSERT INTO orders (id, customer_id, total_amount, order_date) VALUES (153, 5, 115.14, '2025-04-28');
INSERT INTO orders (id, customer_id, total_amount, order_date) VALUES (154, 2, 88.07, '2025-05-05');
INSERT INTO orders (id, customer_id, total_amount, order_date) VALUES (155, 16, 337.07, '2025-07-20');
INSERT INTO orders (id, customer_id, total_amount, order_date) VALUES (156, 35, 987.52, '2025-08-06');
INSERT INTO orders (id, customer_id, total_amount, order_date) VALUES (157, 11, 300.65, '2025-08-08');
INSERT INTO orders (id, customer_id, total_amount, order_date) VALUES (158, 16, 789.20, '2025-09-01');
INSERT INTO orders (id, customer_id, total_amount, order_date) VALUES (159, 27, 418.43, '2025-06-08');
INSERT INTO orders (id, customer_id, total_amount, order_date) VALUES (160, 14, 565.82, '2025-09-06');
INSERT INTO orders (id, customer_id, total_amount, order_date) VALUES (161, 17, 368.25, '2025-08-06');
INSERT INTO orders (id, customer_id, total_amount, order_date) VALUES (162, 4, 582.68, '2025-07-10');
INSERT INTO orders (id, customer_id, total_amount, order_date) VALUES (163, 34, 71.44, '2025-05-03');
INSERT INTO orders (id, customer_id, total_amount, order_date) VALUES (164, 16, 382.80, '2025-08-29');
INSERT INTO orders (id, customer_id, total_amount, order_date) VALUES (165, 33, 95.45, '2025-06-10');
INSERT INTO orders (id, customer_id, total_amount, order_date) VALUES (166, 16, 700.49, '2025-06-20');
INSERT INTO orders (id, customer_id, total_amount, order_date) VALUES (167, 39, 862.22, '2025-09-02');
INSERT INTO orders (id, customer_id, total_amount, order_date) VALUES (168, 17, 464.17, '2025-05-01');
INSERT INTO orders (id, customer_id, total_amount, order_date) VALUES (169, 4, 253.92, '2025-09-07');
INSERT INTO orders (id, customer_id, total_amount, order_date) VALUES (170, 15, 180.98, '2025-09-05');
INSERT INTO orders (id, customer_id, total_amount, order_date) VALUES (171, 23, 1022.16, '2025-07-17');
INSERT INTO orders (id, customer_id, total_amount, order_date) VALUES (172, 28, 286.12, '2025-07-28');
INSERT INTO orders (id, customer_id, total_amount, order_date) VALUES (173, 4, 691.28, '2025-04-24');
INSERT INTO orders (id, customer_id, total_amount, order_date) VALUES (174, 11, 977.53, '2025-04-26');
INSERT INTO orders (id, customer_id, total_amount, order_date) VALUES (175, 20, 937.34, '2025-06-01');
INSERT INTO orders (id, customer_id, total_amount, order_date) VALUES (176, 27, 994.00, '2025-05-12');
INSERT INTO orders (id, customer_id, total_amount, order_date) VALUES (177, 40, 612.12, '2025-07-10');
INSERT INTO orders (id, customer_id, total_amount, order_date) VALUES (178, 29, 531.15, '2025-08-25');
INSERT INTO orders (id, customer_id, total_amount, order_date) VALUES (179, 5, 364.60, '2025-06-15');
INSERT INTO orders (id, customer_id, total_amount, order_date) VALUES (180, 32, 227.06, '2025-04-22');
INSERT INTO orders (id, customer_id, total_amount, order_date) VALUES (181, 28, 720.35, '2025-08-28');
INSERT INTO orders (id, customer_id, total_amount, order_date) VALUES (182, 31, 897.63, '2025-07-06');
INSERT INTO orders (id, customer_id, total_amount, order_date) VALUES (183, 30, 761.17, '2025-09-03');
INSERT INTO orders (id, customer_id, total_amount, order_date) VALUES (184, 33, 57.77, '2025-05-02');
INSERT INTO orders (id, customer_id, total_amount, order_date) VALUES (185, 17, 470.28, '2025-05-12');
INSERT INTO orders (id, customer_id, total_amount, order_date) VALUES (186, 18, 462.22, '2025-10-15');
INSERT INTO orders (id, customer_id, total_amount, order_date) VALUES (187, 37, 680.26, '2025-10-14');
INSERT INTO orders (id, customer_id, total_amount, order_date) VALUES (188, 3, 340.87, '2025-06-13');
INSERT INTO orders (id, customer_id, total_amount, order_date) VALUES (189, 32, 302.19, '2025-06-25');
INSERT INTO orders (id, customer_id, total_amount, order_date) VALUES (190, 5, 371.92, '2025-06-22');
INSERT INTO orders (id, customer_id, total_amount, order_date) VALUES (191, 41, 994.11, '2025-06-16');
INSERT INTO orders (id, customer_id, total_amount, order_date) VALUES (192, 38, 887.28, '2025-10-01');
INSERT INTO orders (id, customer_id, total_amount, order_date) VALUES (193, 3, 541.75, '2025-06-17');
INSERT INTO orders (id, customer_id, total_amount, order_date) VALUES (194, 8, 783.20, '2025-06-02');
INSERT INTO orders (id, customer_id, total_amount, order_date) VALUES (195, 2, 428.72, '2025-09-15');
INSERT INTO orders (id, customer_id, total_amount, order_date) VALUES (196, 50, 550.90, '2025-07-21');
INSERT INTO orders (id, customer_id, total_amount, order_date) VALUES (197, 4, 896.33, '2025-10-15');
INSERT INTO orders (id, customer_id, total_amount, order_date) VALUES (198, 22, 232.53, '2025-08-08');
INSERT INTO orders (id, customer_id, total_amount, order_date) VALUES (199, 26, 801.48, '2025-05-26');
INSERT INTO orders (id, customer_id, total_amount, order_date) VALUES (200, 38, 240.45, '2025-08-19');
INSERT INTO orders (id, customer_id, total_amount, order_date) VALUES (201, 40, 995.60, '2025-06-21');
INSERT INTO orders (id, customer_id, total_amount, order_date) VALUES (202, 46, 555.64, '2025-09-10');
INSERT INTO orders (id, customer_id, total_amount, order_date) VALUES (203, 24, 969.71, '2025-05-28');
INSERT INTO orders (id, customer_id, total_amount, order_date) VALUES (204, 16, 975.00, '2025-08-21');
INSERT INTO orders (id, customer_id, total_amount, order_date) VALUES (205, 33, 217.50, '2025-09-30');
INSERT INTO orders (id, customer_id, total_amount, order_date) VALUES (206, 2, 475.17, '2025-04-27');
INSERT INTO orders (id, customer_id, total_amount, order_date) VALUES (207, 47, 540.67, '2025-08-21');
INSERT INTO orders (id, customer_id, total_amount, order_date) VALUES (208, 49, 824.52, '2025-10-11');
INSERT INTO orders (id, customer_id, total_amount, order_date) VALUES (209, 27, 763.12, '2025-10-15');
INSERT INTO orders (id, customer_id, total_amount, order_date) VALUES (210, 42, 187.58, '2025-05-29');
INSERT INTO orders (id, customer_id, total_amount, order_date) VALUES (211, 35, 802.29, '2025-08-26');
INSERT INTO orders (id, customer_id, total_amount, order_date) VALUES (212, 17, 518.90, '2025-06-26');
INSERT INTO orders (id, customer_id, total_amount, order_date) VALUES (213, 24, 250.11, '2025-08-07');
INSERT INTO orders (id, customer_id, total_amount, order_date) VALUES (214, 22, 398.49, '2025-07-08');
INSERT INTO orders (id, customer_id, total_amount, order_date) VALUES (215, 8, 526.06, '2025-09-29');
INSERT INTO orders (id, customer_id, total_amount, order_date) VALUES (216, 4, 725.73, '2025-05-17');
INSERT INTO orders (id, customer_id, total_amount, order_date) VALUES (217, 37, 254.55, '2025-09-15');
INSERT INTO orders (id, customer_id, total_amount, order_date) VALUES (218, 26, 169.46, '2025-04-26');
INSERT INTO orders (id, customer_id, total_amount, order_date) VALUES (219, 42, 83.82, '2025-08-20');
INSERT INTO orders (id, customer_id, total_amount, order_date) VALUES (220, 16, 530.33, '2025-07-16');
INSERT INTO orders (id, customer_id, total_amount, order_date) VALUES (221, 50, 563.21, '2025-08-02');
INSERT INTO orders (id, customer_id, total_amount, order_date) VALUES (222, 19, 138.02, '2025-06-20');
INSERT INTO orders (id, customer_id, total_amount, order_date) VALUES (223, 23, 234.94, '2025-08-05');
INSERT INTO orders (id, customer_id, total_amount, order_date) VALUES (224, 23, 468.97, '2025-09-04');
INSERT INTO orders (id, customer_id, total_amount, order_date) VALUES (225, 29, 574.16, '2025-10-04');
INSERT INTO orders (id, customer_id, total_amount, order_date) VALUES (226, 5, 670.80, '2025-09-21');
INSERT INTO orders (id, customer_id, total_amount, order_date) VALUES (227, 21, 561.57, '2025-06-14');
INSERT INTO orders (id, customer_id, total_amount, order_date) VALUES (228, 1, 214.07, '2025-09-04');
INSERT INTO orders (id, customer_id, total_amount, order_date) VALUES (229, 17, 363.28, '2025-08-07');
INSERT INTO orders (id, customer_id, total_amount, order_date) VALUES (230, 5, 682.24, '2025-09-27');
INSERT INTO orders (id, customer_id, total_amount, order_date) VALUES (231, 28, 170.66, '2025-10-03');
INSERT INTO orders (id, customer_id, total_amount, order_date) VALUES (232, 14, 632.35, '2025-05-06');
INSERT INTO orders (id, customer_id, total_amount, order_date) VALUES (233, 37, 380.23, '2025-07-16');
INSERT INTO orders (id, customer_id, total_amount, order_date) VALUES (234, 22, 745.02, '2025-05-23');
INSERT INTO orders (id, customer_id, total_amount, order_date) VALUES (235, 43, 735.53, '2025-09-25');
INSERT INTO orders (id, customer_id, total_amount, order_date) VALUES (236, 18, 126.71, '2025-06-22');
INSERT INTO orders (id, customer_id, total_amount, order_date) VALUES (237, 27, 677.86, '2025-07-23');
INSERT INTO orders (id, customer_id, total_amount, order_date) VALUES (238, 38, 207.40, '2025-07-27');
INSERT INTO orders (id, customer_id, total_amount, order_date) VALUES (239, 13, 689.52, '2025-07-06');
INSERT INTO orders (id, customer_id, total_amount, order_date) VALUES (240, 13, 962.16, '2025-09-17');
INSERT INTO orders (id, customer_id, total_amount, order_date) VALUES (241, 23, 755.74, '2025-05-26');
INSERT INTO orders (id, customer_id, total_amount, order_date) VALUES (242, 45, 881.19, '2025-07-18');
INSERT INTO orders (id, customer_id, total_amount, order_date) VALUES (243, 50, 490.29, '2025-06-03');
INSERT INTO orders (id, customer_id, total_amount, order_date) VALUES (244, 46, 830.69, '2025-05-25');
INSERT INTO orders (id, customer_id, total_amount, order_date) VALUES (245, 32, 617.68, '2025-10-07');
INSERT INTO orders (id, customer_id, total_amount, order_date) VALUES (246, 2, 385.79, '2025-07-31');
INSERT INTO orders (id, customer_id, total_amount, order_date) VALUES (247, 43, 586.13, '2025-05-13');
INSERT INTO orders (id, customer_id, total_amount, order_date) VALUES (248, 3, 873.68, '2025-10-15');
INSERT INTO orders (id, customer_id, total_amount, order_date) VALUES (249, 24, 469.24, '2025-08-17');
INSERT INTO orders (id, customer_id, total_amount, order_date) VALUES (250, 3, 349.84, '2025-06-17');
INSERT INTO orders (id, customer_id, total_amount, order_date) VALUES (251, 37, 717.32, '2025-05-17');
INSERT INTO orders (id, customer_id, total_amount, order_date) VALUES (252, 38, 340.44, '2025-05-27');
INSERT INTO orders (id, customer_id, total_amount, order_date) VALUES (253, 9, 267.16, '2025-08-02');
INSERT INTO orders (id, customer_id, total_amount, order_date) VALUES (254, 13, 580.78, '2025-09-27');
INSERT INTO orders (id, customer_id, total_amount, order_date) VALUES (255, 43, 649.12, '2025-07-07');
INSERT INTO orders (id, customer_id, total_amount, order_date) VALUES (256, 20, 648.55, '2025-09-19');
INSERT INTO orders (id, customer_id, total_amount, order_date) VALUES (257, 23, 757.54, '2025-05-23');
INSERT INTO orders (id, customer_id, total_amount, order_date) VALUES (258, 40, 492.16, '2025-09-13');
INSERT INTO orders (id, customer_id, total_amount, order_date) VALUES (259, 38, 318.96, '2025-05-11');
INSERT INTO orders (id, customer_id, total_amount, order_date) VALUES (260, 40, 628.26, '2025-07-24');
INSERT INTO orders (id, customer_id, total_amount, order_date) VALUES (261, 46, 1048.77, '2025-06-02');
INSERT INTO orders (id, customer_id, total_amount, order_date) VALUES (262, 11, 338.49, '2025-09-17');
INSERT INTO orders (id, customer_id, total_amount, order_date) VALUES (263, 17, 162.42, '2025-08-03');
INSERT INTO orders (id, customer_id, total_amount, order_date) VALUES (264, 30, 254.45, '2025-06-03');
INSERT INTO orders (id, customer_id, total_amount, order_date) VALUES (265, 31, 370.63, '2025-09-05');
INSERT INTO orders (id, customer_id, total_amount, order_date) VALUES (266, 45, 180.23, '2025-10-14');
INSERT INTO orders (id, customer_id, total_amount, order_date) VALUES (267, 28, 811.75, '2025-05-21');
INSERT INTO orders (id, customer_id, total_amount, order_date) VALUES (268, 30, 474.03, '2025-06-22');
INSERT INTO orders (id, customer_id, total_amount, order_date) VALUES (269, 25, 404.68, '2025-06-18');
INSERT INTO orders (id, customer_id, total_amount, order_date) VALUES (270, 30, 975.68, '2025-09-25');
INSERT INTO orders (id, customer_id, total_amount, order_date) VALUES (271, 32, 527.91, '2025-07-22');
INSERT INTO orders (id, customer_id, total_amount, order_date) VALUES (272, 8, 289.21, '2025-08-27');
INSERT INTO orders (id, customer_id, total_amount, order_date) VALUES (273, 44, 283.06, '2025-07-24');
INSERT INTO orders (id, customer_id, total_amount, order_date) VALUES (274, 48, 235.96, '2025-05-01');
INSERT INTO orders (id, customer_id, total_amount, order_date) VALUES (275, 38, 634.54, '2025-08-16');
INSERT INTO orders (id, customer_id, total_amount, order_date) VALUES (276, 28, 792.23, '2025-05-04');
INSERT INTO orders (id, customer_id, total_amount, order_date) VALUES (277, 9, 646.02, '2025-07-15');
INSERT INTO orders (id, customer_id, total_amount, order_date) VALUES (278, 31, 691.12, '2025-06-22');
INSERT INTO orders (id, customer_id, total_amount, order_date) VALUES (279, 43, 247.36, '2025-07-06');
INSERT INTO orders (id, customer_id, total_amount, order_date) VALUES (280, 28, 528.70, '2025-08-30');
INSERT INTO orders (id, customer_id, total_amount, order_date) VALUES (281, 12, 1016.91, '2025-05-13');
INSERT INTO orders (id, customer_id, total_amount, order_date) VALUES (282, 39, 477.94, '2025-09-18');
INSERT INTO orders (id, customer_id, total_amount, order_date) VALUES (283, 47, 178.73, '2025-09-19');
INSERT INTO orders (id, customer_id, total_amount, order_date) VALUES (284, 43, 794.24, '2025-05-16');
INSERT INTO orders (id, customer_id, total_amount, order_date) VALUES (285, 26, 113.32, '2025-09-13');
INSERT INTO orders (id, customer_id, total_amount, order_date) VALUES (286, 45, 1021.53, '2025-05-27');
INSERT INTO orders (id, customer_id, total_amount, order_date) VALUES (287, 7, 62.79, '2025-08-20');
INSERT INTO orders (id, customer_id, total_amount, order_date) VALUES (288, 19, 842.18, '2025-09-21');
INSERT INTO orders (id, customer_id, total_amount, order_date) VALUES (289, 47, 79.28, '2025-06-27');
INSERT INTO orders (id, customer_id, total_amount, order_date) VALUES (290, 41, 1003.12, '2025-06-14');
INSERT INTO orders (id, customer_id, total_amount, order_date) VALUES (291, 34, 508.81, '2025-06-06');
INSERT INTO orders (id, customer_id, total_amount, order_date) VALUES (292, 48, 1020.82, '2025-10-15');
INSERT INTO orders (id, customer_id, total_amount, order_date) VALUES (293, 3, 327.74, '2025-06-01');
INSERT INTO orders (id, customer_id, total_amount, order_date) VALUES (294, 18, 56.70, '2025-04-21');
INSERT INTO orders (id, customer_id, total_amount, order_date) VALUES (295, 1, 87.50, '2025-05-17');
INSERT INTO orders (id, customer_id, total_amount, order_date) VALUES (296, 33, 868.60, '2025-05-12');
INSERT INTO orders (id, customer_id, total_amount, order_date) VALUES (297, 9, 525.57, '2025-09-23');
INSERT INTO orders (id, customer_id, total_amount, order_date) VALUES (298, 46, 993.45, '2025-10-15');
INSERT INTO orders (id, customer_id, total_amount, order_date) VALUES (299, 7, 685.75, '2025-09-13');
INSERT INTO orders (id, customer_id, total_amount, order_date) VALUES (300, 9, 437.18, '2025-07-07');
INSERT INTO orders (id, customer_id, total_amount, order_date) VALUES (301, 2, 858.69, '2025-10-11');
INSERT INTO orders (id, customer_id, total_amount, order_date) VALUES (302, 22, 291.07, '2025-10-01');
INSERT INTO orders (id, customer_id, total_amount, order_date) VALUES (303, 42, 500.88, '2025-08-31');
INSERT INTO orders (id, customer_id, total_amount, order_date) VALUES (304, 18, 611.69, '2025-08-30');
INSERT INTO orders (id, customer_id, total_amount, order_date) VALUES (305, 50, 811.31, '2025-09-15');
INSERT INTO orders (id, customer_id, total_amount, order_date) VALUES (306, 43, 788.96, '2025-05-19');
INSERT INTO orders (id, customer_id, total_amount, order_date) VALUES (307, 31, 611.14, '2025-10-11');
INSERT INTO orders (id, customer_id, total_amount, order_date) VALUES (308, 9, 989.71, '2025-05-23');
INSERT INTO orders (id, customer_id, total_amount, order_date) VALUES (309, 6, 75.53, '2025-09-06');
INSERT INTO orders (id, customer_id, total_amount, order_date) VALUES (310, 40, 720.58, '2025-10-08');
INSERT INTO orders (id, customer_id, total_amount, order_date) VALUES (311, 39, 1007.34, '2025-07-17');
INSERT INTO orders (id, customer_id, total_amount, order_date) VALUES (312, 30, 531.79, '2025-08-11');
INSERT INTO orders (id, customer_id, total_amount, order_date) VALUES (313, 36, 744.89, '2025-06-16');
INSERT INTO orders (id, customer_id, total_amount, order_date) VALUES (314, 26, 632.80, '2025-06-29');
INSERT INTO orders (id, customer_id, total_amount, order_date) VALUES (315, 11, 911.80, '2025-08-21');
INSERT INTO orders (id, customer_id, total_amount, order_date) VALUES (316, 43, 258.34, '2025-07-15');
INSERT INTO orders (id, customer_id, total_amount, order_date) VALUES (317, 39, 448.88, '2025-08-22');
INSERT INTO orders (id, customer_id, total_amount, order_date) VALUES (318, 14, 335.03, '2025-08-06');
INSERT INTO orders (id, customer_id, total_amount, order_date) VALUES (319, 9, 82.47, '2025-08-15');
INSERT INTO orders (id, customer_id, total_amount, order_date) VALUES (320, 9, 951.65, '2025-10-15');
INSERT INTO orders (id, customer_id, total_amount, order_date) VALUES (321, 13, 305.73, '2025-07-26');
INSERT INTO orders (id, customer_id, total_amount, order_date) VALUES (322, 48, 163.42, '2025-08-27');
INSERT INTO orders (id, customer_id, total_amount, order_date) VALUES (323, 14, 219.11, '2025-04-28');
INSERT INTO orders (id, customer_id, total_amount, order_date) VALUES (324, 37, 516.38, '2025-05-20');
INSERT INTO orders (id, customer_id, total_amount, order_date) VALUES (325, 23, 794.20, '2025-06-25');
INSERT INTO orders (id, customer_id, total_amount, order_date) VALUES (326, 31, 994.12, '2025-09-27');
INSERT INTO orders (id, customer_id, total_amount, order_date) VALUES (327, 32, 486.05, '2025-06-15');
INSERT INTO orders (id, customer_id, total_amount, order_date) VALUES (328, 14, 442.45, '2025-05-18');
INSERT INTO orders (id, customer_id, total_amount, order_date) VALUES (329, 32, 672.73, '2025-06-04');
INSERT INTO orders (id, customer_id, total_amount, order_date) VALUES (330, 20, 272.57, '2025-10-03');
INSERT INTO orders (id, customer_id, total_amount, order_date) VALUES (331, 48, 1041.47, '2025-05-07');
INSERT INTO orders (id, customer_id, total_amount, order_date) VALUES (332, 27, 358.32, '2025-10-13');
INSERT INTO orders (id, customer_id, total_amount, order_date) VALUES (333, 49, 945.77, '2025-08-02');
INSERT INTO orders (id, customer_id, total_amount, order_date) VALUES (334, 11, 386.99, '2025-04-26');
INSERT INTO orders (id, customer_id, total_amount, order_date) VALUES (335, 9, 823.60, '2025-06-19');
INSERT INTO orders (id, customer_id, total_amount, order_date) VALUES (336, 18, 839.34, '2025-09-23');
INSERT INTO orders (id, customer_id, total_amount, order_date) VALUES (337, 49, 310.29, '2025-06-27');
INSERT INTO orders (id, customer_id, total_amount, order_date) VALUES (338, 7, 560.90, '2025-05-18');
INSERT INTO orders (id, customer_id, total_amount, order_date) VALUES (339, 14, 894.00, '2025-07-05');
INSERT INTO orders (id, customer_id, total_amount, order_date) VALUES (340, 31, 775.56, '2025-09-15');
INSERT INTO orders (id, customer_id, total_amount, order_date) VALUES (341, 48, 306.53, '2025-07-09');
INSERT INTO orders (id, customer_id, total_amount, order_date) VALUES (342, 23, 982.01, '2025-06-13');
INSERT INTO orders (id, customer_id, total_amount, order_date) VALUES (343, 36, 684.83, '2025-04-29');
INSERT INTO orders (id, customer_id, total_amount, order_date) VALUES (344, 18, 672.34, '2025-04-28');
INSERT INTO orders (id, customer_id, total_amount, order_date) VALUES (345, 18, 696.62, '2025-05-19');
INSERT INTO orders (id, customer_id, total_amount, order_date) VALUES (346, 45, 976.14, '2025-10-13');
INSERT INTO orders (id, customer_id, total_amount, order_date) VALUES (347, 6, 682.94, '2025-09-15');
INSERT INTO orders (id, customer_id, total_amount, order_date) VALUES (348, 12, 678.91, '2025-07-16');
INSERT INTO orders (id, customer_id, total_amount, order_date) VALUES (349, 27, 273.44, '2025-07-21');
INSERT INTO orders (id, customer_id, total_amount, order_date) VALUES (350, 45, 944.78, '2025-09-14');
INSERT INTO orders (id, customer_id, total_amount, order_date) VALUES (351, 20, 599.17, '2025-07-27');
INSERT INTO orders (id, customer_id, total_amount, order_date) VALUES (352, 5, 824.98, '2025-08-10');
INSERT INTO orders (id, customer_id, total_amount, order_date) VALUES (353, 41, 220.74, '2025-07-05');
INSERT INTO orders (id, customer_id, total_amount, order_date) VALUES (354, 31, 784.84, '2025-09-24');
INSERT INTO orders (id, customer_id, total_amount, order_date) VALUES (355, 8, 227.52, '2025-07-02');
INSERT INTO orders (id, customer_id, total_amount, order_date) VALUES (356, 26, 410.81, '2025-06-03');
INSERT INTO orders (id, customer_id, total_amount, order_date) VALUES (357, 9, 121.94, '2025-09-23');
INSERT INTO orders (id, customer_id, total_amount, order_date) VALUES (358, 7, 62.99, '2025-08-23');
INSERT INTO orders (id, customer_id, total_amount, order_date) VALUES (359, 22, 146.71, '2025-05-21');
INSERT INTO orders (id, customer_id, total_amount, order_date) VALUES (360, 30, 436.52, '2025-05-23');
INSERT INTO orders (id, customer_id, total_amount, order_date) VALUES (361, 39, 360.30, '2025-05-31');
INSERT INTO orders (id, customer_id, total_amount, order_date) VALUES (362, 11, 437.79, '2025-06-11');
INSERT INTO orders (id, customer_id, total_amount, order_date) VALUES (363, 16, 694.82, '2025-06-14');
INSERT INTO orders (id, customer_id, total_amount, order_date) VALUES (364, 31, 165.50, '2025-09-02');
INSERT INTO orders (id, customer_id, total_amount, order_date) VALUES (365, 21, 879.88, '2025-09-28');
INSERT INTO orders (id, customer_id, total_amount, order_date) VALUES (366, 50, 321.62, '2025-06-27');
INSERT INTO orders (id, customer_id, total_amount, order_date) VALUES (367, 5, 372.95, '2025-06-19');
INSERT INTO orders (id, customer_id, total_amount, order_date) VALUES (368, 36, 552.28, '2025-07-02');
INSERT INTO orders (id, customer_id, total_amount, order_date) VALUES (369, 27, 512.41, '2025-08-23');
INSERT INTO orders (id, customer_id, total_amount, order_date) VALUES (370, 6, 481.17, '2025-09-18');
INSERT INTO orders (id, customer_id, total_amount, order_date) VALUES (371, 46, 58.83, '2025-06-17');
INSERT INTO orders (id, customer_id, total_amount, order_date) VALUES (372, 31, 114.57, '2025-07-18');
INSERT INTO orders (id, customer_id, total_amount, order_date) VALUES (373, 15, 976.93, '2025-09-08');
INSERT INTO orders (id, customer_id, total_amount, order_date) VALUES (374, 8, 460.72, '2025-08-04');
INSERT INTO orders (id, customer_id, total_amount, order_date) VALUES (375, 37, 880.88, '2025-10-15');
INSERT INTO orders (id, customer_id, total_amount, order_date) VALUES (376, 24, 430.87, '2025-07-16');
INSERT INTO orders (id, customer_id, total_amount, order_date) VALUES (377, 16, 85.97, '2025-06-09');
INSERT INTO orders (id, customer_id, total_amount, order_date) VALUES (378, 15, 644.31, '2025-05-10');
INSERT INTO orders (id, customer_id, total_amount, order_date) VALUES (379, 40, 623.39, '2025-07-22');
INSERT INTO orders (id, customer_id, total_amount, order_date) VALUES (380, 44, 875.06, '2025-07-18');
INSERT INTO orders (id, customer_id, total_amount, order_date) VALUES (381, 1, 573.33, '2025-08-07');
INSERT INTO orders (id, customer_id, total_amount, order_date) VALUES (382, 25, 639.76, '2025-07-18');
INSERT INTO orders (id, customer_id, total_amount, order_date) VALUES (383, 36, 100.97, '2025-05-13');
INSERT INTO orders (id, customer_id, total_amount, order_date) VALUES (384, 26, 203.79, '2025-06-01');
INSERT INTO orders (id, customer_id, total_amount, order_date) VALUES (385, 37, 977.30, '2025-07-10');
INSERT INTO orders (id, customer_id, total_amount, order_date) VALUES (386, 24, 81.32, '2025-08-28');
INSERT INTO orders (id, customer_id, total_amount, order_date) VALUES (387, 27, 518.39, '2025-09-03');
INSERT INTO orders (id, customer_id, total_amount, order_date) VALUES (388, 19, 675.77, '2025-10-15');
INSERT INTO orders (id, customer_id, total_amount, order_date) VALUES (389, 4, 464.85, '2025-09-18');
INSERT INTO orders (id, customer_id, total_amount, order_date) VALUES (390, 49, 342.15, '2025-07-31');
INSERT INTO orders (id, customer_id, total_amount, order_date) VALUES (391, 49, 220.88, '2025-10-03');
INSERT INTO orders (id, customer_id, total_amount, order_date) VALUES (392, 6, 832.77, '2025-08-02');
INSERT INTO orders (id, customer_id, total_amount, order_date) VALUES (393, 28, 57.68, '2025-06-29');
INSERT INTO orders (id, customer_id, total_amount, order_date) VALUES (394, 47, 529.28, '2025-08-07');
INSERT INTO orders (id, customer_id, total_amount, order_date) VALUES (395, 30, 185.01, '2025-09-29');
INSERT INTO orders (id, customer_id, total_amount, order_date) VALUES (396, 6, 910.55, '2025-10-09');
INSERT INTO orders (id, customer_id, total_amount, order_date) VALUES (397, 11, 248.50, '2025-06-21');
INSERT INTO orders (id, customer_id, total_amount, order_date) VALUES (398, 7, 695.19, '2025-09-13');
INSERT INTO orders (id, customer_id, total_amount, order_date) VALUES (399, 8, 305.50, '2025-09-21');
INSERT INTO orders (id, customer_id, total_amount, order_date) VALUES (400, 26, 69.93, '2025-07-27');

-- Insert order_items
INSERT INTO order_items (id, order_id, product_id, quantity, price) VALUES (1, 137, 97, 5, 168.65);
INSERT INTO order_items (id, order_id, product_id, quantity, price) VALUES (2, 191, 66, 2, 278.75);
INSERT INTO order_items (id, order_id, product_id, quantity, price) VALUES (3, 262, 57, 5, 303.51);
INSERT INTO order_items (id, order_id, product_id, quantity, price) VALUES (4, 108, 44, 1, 385.19);
INSERT INTO order_items (id, order_id, product_id, quantity, price) VALUES (5, 235, 58, 5, 418.11);
INSERT INTO order_items (id, order_id, product_id, quantity, price) VALUES (6, 349, 38, 5, 179.92);
INSERT INTO order_items (id, order_id, product_id, quantity, price) VALUES (7, 41, 35, 4, 302.33);
INSERT INTO order_items (id, order_id, product_id, quantity, price) VALUES (8, 2, 12, 3, 332.77);
INSERT INTO order_items (id, order_id, product_id, quantity, price) VALUES (9, 161, 44, 1, 330.08);
INSERT INTO order_items (id, order_id, product_id, quantity, price) VALUES (10, 392, 39, 5, 327.98);
INSERT INTO order_items (id, order_id, product_id, quantity, price) VALUES (11, 95, 28, 2, 110.57);
INSERT INTO order_items (id, order_id, product_id, quantity, price) VALUES (12, 305, 56, 4, 124.60);
INSERT INTO order_items (id, order_id, product_id, quantity, price) VALUES (13, 49, 76, 4, 380.59);
INSERT INTO order_items (id, order_id, product_id, quantity, price) VALUES (14, 276, 37, 5, 77.19);
INSERT INTO order_items (id, order_id, product_id, quantity, price) VALUES (15, 277, 43, 1, 264.58);
INSERT INTO order_items (id, order_id, product_id, quantity, price) VALUES (16, 110, 22, 1, 390.61);
INSERT INTO order_items (id, order_id, product_id, quantity, price) VALUES (17, 395, 5, 2, 505.90);
INSERT INTO order_items (id, order_id, product_id, quantity, price) VALUES (18, 236, 3, 1, 313.33);
INSERT INTO order_items (id, order_id, product_id, quantity, price) VALUES (19, 267, 55, 4, 90.69);
INSERT INTO order_items (id, order_id, product_id, quantity, price) VALUES (20, 208, 86, 2, 452.51);
INSERT INTO order_items (id, order_id, product_id, quantity, price) VALUES (21, 202, 51, 3, 121.80);
INSERT INTO order_items (id, order_id, product_id, quantity, price) VALUES (22, 192, 52, 3, 263.60);
INSERT INTO order_items (id, order_id, product_id, quantity, price) VALUES (23, 243, 60, 5, 104.24);
INSERT INTO order_items (id, order_id, product_id, quantity, price) VALUES (24, 193, 94, 4, 10.00);
INSERT INTO order_items (id, order_id, product_id, quantity, price) VALUES (25, 368, 8, 2, 341.33);
INSERT INTO order_items (id, order_id, product_id, quantity, price) VALUES (26, 383, 19, 5, 133.47);
INSERT INTO order_items (id, order_id, product_id, quantity, price) VALUES (27, 362, 98, 5, 315.41);
INSERT INTO order_items (id, order_id, product_id, quantity, price) VALUES (28, 291, 29, 3, 206.89);
INSERT INTO order_items (id, order_id, product_id, quantity, price) VALUES (29, 291, 76, 4, 357.95);
INSERT INTO order_items (id, order_id, product_id, quantity, price) VALUES (30, 16, 52, 3, 189.20);
INSERT INTO order_items (id, order_id, product_id, quantity, price) VALUES (31, 279, 70, 3, 205.39);
INSERT INTO order_items (id, order_id, product_id, quantity, price) VALUES (32, 71, 49, 3, 346.44);
INSERT INTO order_items (id, order_id, product_id, quantity, price) VALUES (33, 135, 85, 2, 332.78);
INSERT INTO order_items (id, order_id, product_id, quantity, price) VALUES (34, 79, 28, 2, 123.22);
INSERT INTO order_items (id, order_id, product_id, quantity, price) VALUES (35, 79, 82, 1, 471.94);
INSERT INTO order_items (id, order_id, product_id, quantity, price) VALUES (36, 35, 93, 4, 233.05);
INSERT INTO order_items (id, order_id, product_id, quantity, price) VALUES (37, 132, 39, 5, 235.49);
INSERT INTO order_items (id, order_id, product_id, quantity, price) VALUES (38, 344, 68, 2, 500.26);
INSERT INTO order_items (id, order_id, product_id, quantity, price) VALUES (39, 68, 5, 2, 520.81);
INSERT INTO order_items (id, order_id, product_id, quantity, price) VALUES (40, 166, 23, 1, 545.22);
INSERT INTO order_items (id, order_id, product_id, quantity, price) VALUES (41, 131, 94, 4, 10.00);
INSERT INTO order_items (id, order_id, product_id, quantity, price) VALUES (42, 227, 80, 5, 347.64);
INSERT INTO order_items (id, order_id, product_id, quantity, price) VALUES (43, 69, 8, 2, 421.67);
INSERT INTO order_items (id, order_id, product_id, quantity, price) VALUES (44, 94, 55, 4, 503.99);
INSERT INTO order_items (id, order_id, product_id, quantity, price) VALUES (45, 357, 9, 3, 439.02);
INSERT INTO order_items (id, order_id, product_id, quantity, price) VALUES (46, 126, 12, 3, 262.93);
INSERT INTO order_items (id, order_id, product_id, quantity, price) VALUES (47, 343, 17, 5, 389.19);
INSERT INTO order_items (id, order_id, product_id, quantity, price) VALUES (48, 284, 89, 3, 316.14);
INSERT INTO order_items (id, order_id, product_id, quantity, price) VALUES (49, 357, 4, 1, 474.27);
INSERT INTO order_items (id, order_id, product_id, quantity, price) VALUES (50, 126, 52, 3, 191.43);
INSERT INTO order_items (id, order_id, product_id, quantity, price) VALUES (51, 109, 24, 1, 102.43);
INSERT INTO order_items (id, order_id, product_id, quantity, price) VALUES (52, 301, 64, 1, 547.25);
INSERT INTO order_items (id, order_id, product_id, quantity, price) VALUES (53, 38, 95, 4, 427.42);
INSERT INTO order_items (id, order_id, product_id, quantity, price) VALUES (54, 353, 63, 1, 399.67);
INSERT INTO order_items (id, order_id, product_id, quantity, price) VALUES (55, 394, 67, 2, 394.76);
INSERT INTO order_items (id, order_id, product_id, quantity, price) VALUES (56, 155, 5, 2, 60.67);
INSERT INTO order_items (id, order_id, product_id, quantity, price) VALUES (57, 391, 73, 4, 486.01);
INSERT INTO order_items (id, order_id, product_id, quantity, price) VALUES (58, 192, 42, 1, 99.81);
INSERT INTO order_items (id, order_id, product_id, quantity, price) VALUES (59, 197, 70, 3, 219.16);
INSERT INTO order_items (id, order_id, product_id, quantity, price) VALUES (60, 224, 15, 4, 150.58);
INSERT INTO order_items (id, order_id, product_id, quantity, price) VALUES (61, 291, 40, 1, 10000.00);
INSERT INTO order_items (id, order_id, product_id, quantity, price) VALUES (62, 201, 67, 2, 377.66);
INSERT INTO order_items (id, order_id, product_id, quantity, price) VALUES (63, 135, 82, 1, 488.63);
INSERT INTO order_items (id, order_id, product_id, quantity, price) VALUES (64, 384, 79, 5, 137.59);
INSERT INTO order_items (id, order_id, product_id, quantity, price) VALUES (65, 11, 96, 4, 98.06);
INSERT INTO order_items (id, order_id, product_id, quantity, price) VALUES (66, 134, 92, 3, 100.15);
INSERT INTO order_items (id, order_id, product_id, quantity, price) VALUES (67, 19, 79, 5, 177.32);
INSERT INTO order_items (id, order_id, product_id, quantity, price) VALUES (68, 203, 92, 3, 119.47);
INSERT INTO order_items (id, order_id, product_id, quantity, price) VALUES (69, 393, 37, 5, 510.48);
INSERT INTO order_items (id, order_id, product_id, quantity, price) VALUES (70, 41, 76, 4, 332.99);
INSERT INTO order_items (id, order_id, product_id, quantity, price) VALUES (71, 202, 49, 3, 395.81);
INSERT INTO order_items (id, order_id, product_id, quantity, price) VALUES (72, 155, 90, 3, 436.42);
INSERT INTO order_items (id, order_id, product_id, quantity, price) VALUES (73, 30, 42, 1, 164.46);
INSERT INTO order_items (id, order_id, product_id, quantity, price) VALUES (74, 213, 23, 1, 76.90);
INSERT INTO order_items (id, order_id, product_id, quantity, price) VALUES (75, 11, 80, 5, 343.79);
INSERT INTO order_items (id, order_id, product_id, quantity, price) VALUES (76, 235, 53, 4, 311.33);
INSERT INTO order_items (id, order_id, product_id, quantity, price) VALUES (77, 349, 74, 4, 116.51);
INSERT INTO order_items (id, order_id, product_id, quantity, price) VALUES (78, 103, 29, 3, 232.92);
INSERT INTO order_items (id, order_id, product_id, quantity, price) VALUES (79, 44, 33, 4, 126.73);
INSERT INTO order_items (id, order_id, product_id, quantity, price) VALUES (80, 23, 75, 4, 208.11);
INSERT INTO order_items (id, order_id, product_id, quantity, price) VALUES (81, 23, 34, 4, 221.71);
INSERT INTO order_items (id, order_id, product_id, quantity, price) VALUES (82, 363, 96, 4, 542.88);
INSERT INTO order_items (id, order_id, product_id, quantity, price) VALUES (83, 98, 99, 5, 396.19);
INSERT INTO order_items (id, order_id, product_id, quantity, price) VALUES (84, 218, 50, 3, 527.81);
INSERT INTO order_items (id, order_id, product_id, quantity, price) VALUES (85, 116, 4, 1, 432.87);
INSERT INTO order_items (id, order_id, product_id, quantity, price) VALUES (86, 181, 11, 3, 207.90);
INSERT INTO order_items (id, order_id, product_id, quantity, price) VALUES (87, 297, 55, 4, 539.84);
INSERT INTO order_items (id, order_id, product_id, quantity, price) VALUES (88, 382, 48, 2, 223.67);
INSERT INTO order_items (id, order_id, product_id, quantity, price) VALUES (89, 63, 91, 3, 526.45);
INSERT INTO order_items (id, order_id, product_id, quantity, price) VALUES (90, 31, 94, 4, 10.00);
INSERT INTO order_items (id, order_id, product_id, quantity, price) VALUES (91, 319, 42, 1, 107.88);
INSERT INTO order_items (id, order_id, product_id, quantity, price) VALUES (92, 52, 68, 2, 430.56);
INSERT INTO order_items (id, order_id, product_id, quantity, price) VALUES (93, 314, 45, 2, 406.87);
INSERT INTO order_items (id, order_id, product_id, quantity, price) VALUES (94, 262, 59, 5, 454.89);
INSERT INTO order_items (id, order_id, product_id, quantity, price) VALUES (95, 138, 19, 5, 113.28);
INSERT INTO order_items (id, order_id, product_id, quantity, price) VALUES (96, 15, 22, 1, 379.89);
INSERT INTO order_items (id, order_id, product_id, quantity, price) VALUES (97, 70, 99, 5, 411.83);
INSERT INTO order_items (id, order_id, product_id, quantity, price) VALUES (98, 385, 8, 2, 377.73);
INSERT INTO order_items (id, order_id, product_id, quantity, price) VALUES (99, 354, 40, 1, 10000.00);
INSERT INTO order_items (id, order_id, product_id, quantity, price) VALUES (100, 4, 8, 2, 402.01);
INSERT INTO order_items (id, order_id, product_id, quantity, price) VALUES (101, 207, 29, 3, 216.24);
INSERT INTO order_items (id, order_id, product_id, quantity, price) VALUES (102, 249, 53, 4, 274.87);
INSERT INTO order_items (id, order_id, product_id, quantity, price) VALUES (103, 113, 37, 5, 106.37);
INSERT INTO order_items (id, order_id, product_id, quantity, price) VALUES (104, 114, 90, 3, 339.41);
INSERT INTO order_items (id, order_id, product_id, quantity, price) VALUES (105, 321, 75, 4, 256.01);
INSERT INTO order_items (id, order_id, product_id, quantity, price) VALUES (106, 200, 1, 1, 62.58);
INSERT INTO order_items (id, order_id, product_id, quantity, price) VALUES (107, 367, 83, 1, 160.47);
INSERT INTO order_items (id, order_id, product_id, quantity, price) VALUES (108, 12, 91, 3, 545.73);
INSERT INTO order_items (id, order_id, product_id, quantity, price) VALUES (109, 8, 74, 4, 89.38);
INSERT INTO order_items (id, order_id, product_id, quantity, price) VALUES (110, 200, 6, 2, 108.47);
INSERT INTO order_items (id, order_id, product_id, quantity, price) VALUES (111, 364, 23, 1, 469.27);
INSERT INTO order_items (id, order_id, product_id, quantity, price) VALUES (112, 138, 93, 4, 263.34);
INSERT INTO order_items (id, order_id, product_id, quantity, price) VALUES (113, 222, 51, 3, 59.73);
INSERT INTO order_items (id, order_id, product_id, quantity, price) VALUES (114, 1, 97, 5, 127.73);
INSERT INTO order_items (id, order_id, product_id, quantity, price) VALUES (115, 190, 16, 4, 222.52);
INSERT INTO order_items (id, order_id, product_id, quantity, price) VALUES (116, 35, 49, 3, 380.45);
INSERT INTO order_items (id, order_id, product_id, quantity, price) VALUES (117, 20, 32, 3, 517.27);
INSERT INTO order_items (id, order_id, product_id, quantity, price) VALUES (118, 26, 96, 4, 88.08);
INSERT INTO order_items (id, order_id, product_id, quantity, price) VALUES (119, 35, 69, 3, 535.66);
INSERT INTO order_items (id, order_id, product_id, quantity, price) VALUES (120, 98, 48, 2, 300.04);
INSERT INTO order_items (id, order_id, product_id, quantity, price) VALUES (121, 55, 81, 1, 423.43);
INSERT INTO order_items (id, order_id, product_id, quantity, price) VALUES (122, 153, 68, 2, 470.03);
INSERT INTO order_items (id, order_id, product_id, quantity, price) VALUES (123, 310, 26, 2, 396.86);
INSERT INTO order_items (id, order_id, product_id, quantity, price) VALUES (124, 332, 7, 2, 296.24);
INSERT INTO order_items (id, order_id, product_id, quantity, price) VALUES (125, 332, 46, 2, 522.29);
INSERT INTO order_items (id, order_id, product_id, quantity, price) VALUES (126, 165, 74, 4, 93.76);
INSERT INTO order_items (id, order_id, product_id, quantity, price) VALUES (127, 374, 58, 5, 320.64);
INSERT INTO order_items (id, order_id, product_id, quantity, price) VALUES (128, 141, 4, 1, 418.65);
INSERT INTO order_items (id, order_id, product_id, quantity, price) VALUES (129, 278, 14, 4, 545.74);
INSERT INTO order_items (id, order_id, product_id, quantity, price) VALUES (130, 157, 86, 2, 411.17);
INSERT INTO order_items (id, order_id, product_id, quantity, price) VALUES (131, 283, 94, 4, 10.00);
INSERT INTO order_items (id, order_id, product_id, quantity, price) VALUES (132, 120, 27, 2, 516.73);
INSERT INTO order_items (id, order_id, product_id, quantity, price) VALUES (133, 69, 45, 2, 465.65);
INSERT INTO order_items (id, order_id, product_id, quantity, price) VALUES (134, 29, 98, 5, 237.08);
INSERT INTO order_items (id, order_id, product_id, quantity, price) VALUES (135, 396, 25, 2, 245.62);
INSERT INTO order_items (id, order_id, product_id, quantity, price) VALUES (136, 147, 45, 2, 406.93);
INSERT INTO order_items (id, order_id, product_id, quantity, price) VALUES (137, 59, 14, 4, 548.28);
INSERT INTO order_items (id, order_id, product_id, quantity, price) VALUES (138, 177, 29, 3, 170.79);
INSERT INTO order_items (id, order_id, product_id, quantity, price) VALUES (139, 365, 94, 4, 10.00);
INSERT INTO order_items (id, order_id, product_id, quantity, price) VALUES (140, 391, 36, 4, 492.14);
INSERT INTO order_items (id, order_id, product_id, quantity, price) VALUES (141, 232, 58, 5, 379.01);
INSERT INTO order_items (id, order_id, product_id, quantity, price) VALUES (142, 215, 16, 4, 209.19);
INSERT INTO order_items (id, order_id, product_id, quantity, price) VALUES (143, 119, 87, 2, 65.59);
INSERT INTO order_items (id, order_id, product_id, quantity, price) VALUES (144, 189, 39, 5, 298.34);
INSERT INTO order_items (id, order_id, product_id, quantity, price) VALUES (145, 120, 40, 1, 10000.00);
INSERT INTO order_items (id, order_id, product_id, quantity, price) VALUES (146, 380, 20, 5, 224.24);
INSERT INTO order_items (id, order_id, product_id, quantity, price) VALUES (147, 67, 29, 3, 165.82);
INSERT INTO order_items (id, order_id, product_id, quantity, price) VALUES (148, 373, 63, 1, 462.61);
INSERT INTO order_items (id, order_id, product_id, quantity, price) VALUES (149, 138, 9, 3, 498.65);
INSERT INTO order_items (id, order_id, product_id, quantity, price) VALUES (150, 296, 43, 1, 265.13);
INSERT INTO order_items (id, order_id, product_id, quantity, price) VALUES (151, 16, 30, 3, 281.42);
INSERT INTO order_items (id, order_id, product_id, quantity, price) VALUES (152, 31, 92, 3, 152.43);
INSERT INTO order_items (id, order_id, product_id, quantity, price) VALUES (153, 292, 79, 5, 130.96);
INSERT INTO order_items (id, order_id, product_id, quantity, price) VALUES (154, 68, 75, 4, 188.57);
INSERT INTO order_items (id, order_id, product_id, quantity, price) VALUES (155, 35, 24, 1, 115.96);
INSERT INTO order_items (id, order_id, product_id, quantity, price) VALUES (156, 190, 11, 3, 189.41);
INSERT INTO order_items (id, order_id, product_id, quantity, price) VALUES (157, 176, 47, 2, 153.98);
INSERT INTO order_items (id, order_id, product_id, quantity, price) VALUES (158, 247, 49, 3, 406.16);
INSERT INTO order_items (id, order_id, product_id, quantity, price) VALUES (159, 243, 45, 2, 412.23);
INSERT INTO order_items (id, order_id, product_id, quantity, price) VALUES (160, 192, 95, 4, 494.92);
INSERT INTO order_items (id, order_id, product_id, quantity, price) VALUES (161, 84, 22, 1, 368.73);
INSERT INTO order_items (id, order_id, product_id, quantity, price) VALUES (162, 258, 95, 4, 444.91);
INSERT INTO order_items (id, order_id, product_id, quantity, price) VALUES (163, 370, 44, 1, 338.47);
INSERT INTO order_items (id, order_id, product_id, quantity, price) VALUES (164, 386, 29, 3, 176.62);
INSERT INTO order_items (id, order_id, product_id, quantity, price) VALUES (165, 154, 44, 1, 385.72);
INSERT INTO order_items (id, order_id, product_id, quantity, price) VALUES (166, 220, 82, 1, 54.16);
INSERT INTO order_items (id, order_id, product_id, quantity, price) VALUES (167, 394, 23, 1, 511.33);
INSERT INTO order_items (id, order_id, product_id, quantity, price) VALUES (168, 104, 75, 4, 241.04);
INSERT INTO order_items (id, order_id, product_id, quantity, price) VALUES (169, 26, 45, 2, 405.74);
INSERT INTO order_items (id, order_id, product_id, quantity, price) VALUES (170, 196, 13, 4, 457.47);
INSERT INTO order_items (id, order_id, product_id, quantity, price) VALUES (171, 22, 38, 5, 193.21);
INSERT INTO order_items (id, order_id, product_id, quantity, price) VALUES (172, 317, 43, 1, 216.50);
INSERT INTO order_items (id, order_id, product_id, quantity, price) VALUES (173, 55, 68, 2, 498.88);
INSERT INTO order_items (id, order_id, product_id, quantity, price) VALUES (174, 271, 77, 5, 436.36);
INSERT INTO order_items (id, order_id, product_id, quantity, price) VALUES (175, 92, 90, 3, 416.98);
INSERT INTO order_items (id, order_id, product_id, quantity, price) VALUES (176, 231, 61, 1, 214.86);
INSERT INTO order_items (id, order_id, product_id, quantity, price) VALUES (177, 51, 15, 4, 152.12);
INSERT INTO order_items (id, order_id, product_id, quantity, price) VALUES (178, 340, 69, 3, 101.11);
INSERT INTO order_items (id, order_id, product_id, quantity, price) VALUES (179, 337, 71, 3, 341.70);
INSERT INTO order_items (id, order_id, product_id, quantity, price) VALUES (180, 370, 51, 3, 138.83);
INSERT INTO order_items (id, order_id, product_id, quantity, price) VALUES (181, 143, 75, 4, 193.74);
INSERT INTO order_items (id, order_id, product_id, quantity, price) VALUES (182, 138, 2, 1, 218.61);
INSERT INTO order_items (id, order_id, product_id, quantity, price) VALUES (183, 297, 68, 2, 420.23);
INSERT INTO order_items (id, order_id, product_id, quantity, price) VALUES (184, 293, 66, 2, 217.91);
INSERT INTO order_items (id, order_id, product_id, quantity, price) VALUES (185, 189, 69, 3, 133.04);
INSERT INTO order_items (id, order_id, product_id, quantity, price) VALUES (186, 346, 1, 1, 144.11);
INSERT INTO order_items (id, order_id, product_id, quantity, price) VALUES (187, 271, 10, 3, 120.19);
INSERT INTO order_items (id, order_id, product_id, quantity, price) VALUES (188, 89, 2, 1, 166.55);
INSERT INTO order_items (id, order_id, product_id, quantity, price) VALUES (189, 55, 77, 5, 513.68);
INSERT INTO order_items (id, order_id, product_id, quantity, price) VALUES (190, 245, 50, 3, 467.13);
INSERT INTO order_items (id, order_id, product_id, quantity, price) VALUES (191, 6, 65, 2, 151.07);
INSERT INTO order_items (id, order_id, product_id, quantity, price) VALUES (192, 46, 79, 5, 153.43);
INSERT INTO order_items (id, order_id, product_id, quantity, price) VALUES (193, 152, 71, 3, 349.01);
INSERT INTO order_items (id, order_id, product_id, quantity, price) VALUES (194, 322, 19, 5, 116.73);
INSERT INTO order_items (id, order_id, product_id, quantity, price) VALUES (195, 367, 29, 3, 166.38);
INSERT INTO order_items (id, order_id, product_id, quantity, price) VALUES (196, 155, 25, 2, 291.35);
INSERT INTO order_items (id, order_id, product_id, quantity, price) VALUES (197, 377, 27, 2, 410.60);
INSERT INTO order_items (id, order_id, product_id, quantity, price) VALUES (198, 399, 99, 5, 363.32);
INSERT INTO order_items (id, order_id, product_id, quantity, price) VALUES (199, 169, 30, 3, 269.77);
INSERT INTO order_items (id, order_id, product_id, quantity, price) VALUES (200, 135, 18, 5, 491.92);
INSERT INTO order_items (id, order_id, product_id, quantity, price) VALUES (201, 251, 46, 2, 522.00);
INSERT INTO order_items (id, order_id, product_id, quantity, price) VALUES (202, 342, 96, 4, 80.20);
INSERT INTO order_items (id, order_id, product_id, quantity, price) VALUES (203, 2, 97, 4, 109.32);
INSERT INTO order_items (id, order_id, product_id, quantity, price) VALUES (204, 159, 100, 5, 515.25);
INSERT INTO order_items (id, order_id, product_id, quantity, price) VALUES (205, 366, 94, 4, 10.00);
INSERT INTO order_items (id, order_id, product_id, quantity, price) VALUES (206, 67, 61, 1, 166.25);
INSERT INTO order_items (id, order_id, product_id, quantity, price) VALUES (207, 394, 32, 3, 530.31);
INSERT INTO order_items (id, order_id, product_id, quantity, price) VALUES (208, 285, 69, 3, 122.93);
INSERT INTO order_items (id, order_id, product_id, quantity, price) VALUES (209, 88, 95, 4, 455.91);
INSERT INTO order_items (id, order_id, product_id, quantity, price) VALUES (210, 182, 85, 2, 339.31);
INSERT INTO order_items (id, order_id, product_id, quantity, price) VALUES (211, 178, 85, 2, 309.86);
INSERT INTO order_items (id, order_id, product_id, quantity, price) VALUES (212, 166, 58, 5, 351.47);
INSERT INTO order_items (id, order_id, product_id, quantity, price) VALUES (213, 166, 32, 3, 513.93);
INSERT INTO order_items (id, order_id, product_id, quantity, price) VALUES (214, 110, 30, 3, 239.54);
INSERT INTO order_items (id, order_id, product_id, quantity, price) VALUES (215, 153, 26, 2, 336.64);
INSERT INTO order_items (id, order_id, product_id, quantity, price) VALUES (216, 98, 76, 4, 390.84);
INSERT INTO order_items (id, order_id, product_id, quantity, price) VALUES (217, 145, 13, 4, 406.86);
INSERT INTO order_items (id, order_id, product_id, quantity, price) VALUES (218, 86, 81, 1, 401.09);
INSERT INTO order_items (id, order_id, product_id, quantity, price) VALUES (219, 32, 87, 2, 542.21);
INSERT INTO order_items (id, order_id, product_id, quantity, price) VALUES (220, 32, 14, 4, 480.10);
INSERT INTO order_items (id, order_id, product_id, quantity, price) VALUES (221, 271, 27, 2, 468.00);
INSERT INTO order_items (id, order_id, product_id, quantity, price) VALUES (222, 246, 5, 2, 67.49);
INSERT INTO order_items (id, order_id, product_id, quantity, price) VALUES (223, 368, 91, 3, 527.05);
INSERT INTO order_items (id, order_id, product_id, quantity, price) VALUES (224, 345, 22, 1, 429.96);
INSERT INTO order_items (id, order_id, product_id, quantity, price) VALUES (225, 82, 65, 2, 96.79);
INSERT INTO order_items (id, order_id, product_id, quantity, price) VALUES (226, 184, 61, 1, 157.89);
INSERT INTO order_items (id, order_id, product_id, quantity, price) VALUES (227, 196, 54, 4, 475.83);
INSERT INTO order_items (id, order_id, product_id, quantity, price) VALUES (228, 100, 16, 4, 266.59);
INSERT INTO order_items (id, order_id, product_id, quantity, price) VALUES (229, 44, 95, 4, 442.83);
INSERT INTO order_items (id, order_id, product_id, quantity, price) VALUES (230, 300, 42, 1, 117.47);
INSERT INTO order_items (id, order_id, product_id, quantity, price) VALUES (231, 220, 28, 2, 545.39);
INSERT INTO order_items (id, order_id, product_id, quantity, price) VALUES (232, 219, 87, 2, 80.32);
INSERT INTO order_items (id, order_id, product_id, quantity, price) VALUES (233, 53, 53, 4, 315.23);
INSERT INTO order_items (id, order_id, product_id, quantity, price) VALUES (234, 47, 1, 1, 136.77);
INSERT INTO order_items (id, order_id, product_id, quantity, price) VALUES (235, 323, 54, 4, 473.63);
INSERT INTO order_items (id, order_id, product_id, quantity, price) VALUES (236, 265, 15, 4, 166.54);
INSERT INTO order_items (id, order_id, product_id, quantity, price) VALUES (237, 292, 6, 2, 158.83);
INSERT INTO order_items (id, order_id, product_id, quantity, price) VALUES (238, 366, 72, 3, 394.44);
INSERT INTO order_items (id, order_id, product_id, quantity, price) VALUES (239, 323, 38, 5, 121.84);
INSERT INTO order_items (id, order_id, product_id, quantity, price) VALUES (240, 197, 99, 5, 372.37);
INSERT INTO order_items (id, order_id, product_id, quantity, price) VALUES (241, 181, 74, 4, 123.66);
INSERT INTO order_items (id, order_id, product_id, quantity, price) VALUES (242, 270, 46, 2, 523.07);
INSERT INTO order_items (id, order_id, product_id, quantity, price) VALUES (243, 383, 72, 3, 392.96);
INSERT INTO order_items (id, order_id, product_id, quantity, price) VALUES (244, 252, 19, 5, 125.17);
INSERT INTO order_items (id, order_id, product_id, quantity, price) VALUES (245, 110, 61, 1, 167.96);
INSERT INTO order_items (id, order_id, product_id, quantity, price) VALUES (246, 273, 69, 3, 81.81);
INSERT INTO order_items (id, order_id, product_id, quantity, price) VALUES (247, 137, 40, 1, 10000.00);
INSERT INTO order_items (id, order_id, product_id, quantity, price) VALUES (248, 17, 36, 4, 440.35);
INSERT INTO order_items (id, order_id, product_id, quantity, price) VALUES (249, 149, 5, 2, 537.00);
INSERT INTO order_items (id, order_id, product_id, quantity, price) VALUES (250, 236, 35, 4, 368.16);
INSERT INTO order_items (id, order_id, product_id, quantity, price) VALUES (251, 17, 35, 4, 318.08);
INSERT INTO order_items (id, order_id, product_id, quantity, price) VALUES (252, 76, 1, 1, 114.99);
INSERT INTO order_items (id, order_id, product_id, quantity, price) VALUES (253, 105, 77, 5, 450.69);
INSERT INTO order_items (id, order_id, product_id, quantity, price) VALUES (254, 24, 45, 2, 455.21);
INSERT INTO order_items (id, order_id, product_id, quantity, price) VALUES (255, 35, 71, 3, 335.13);
INSERT INTO order_items (id, order_id, product_id, quantity, price) VALUES (256, 361, 94, 4, 10.00);
INSERT INTO order_items (id, order_id, product_id, quantity, price) VALUES (257, 389, 97, 5, 152.93);
INSERT INTO order_items (id, order_id, product_id, quantity, price) VALUES (258, 76, 50, 3, 527.47);
INSERT INTO order_items (id, order_id, product_id, quantity, price) VALUES (259, 18, 20, 5, 234.29);
INSERT INTO order_items (id, order_id, product_id, quantity, price) VALUES (260, 44, 21, 1, 300.35);
INSERT INTO order_items (id, order_id, product_id, quantity, price) VALUES (261, 177, 15, 4, 142.91);
INSERT INTO order_items (id, order_id, product_id, quantity, price) VALUES (262, 48, 78, 5, 521.50);
INSERT INTO order_items (id, order_id, product_id, quantity, price) VALUES (263, 21, 28, 2, 529.48);
INSERT INTO order_items (id, order_id, product_id, quantity, price) VALUES (264, 53, 89, 3, 251.92);
INSERT INTO order_items (id, order_id, product_id, quantity, price) VALUES (265, 141, 10, 3, 127.44);
INSERT INTO order_items (id, order_id, product_id, quantity, price) VALUES (266, 165, 20, 5, 195.70);
INSERT INTO order_items (id, order_id, product_id, quantity, price) VALUES (267, 207, 74, 4, 130.19);
INSERT INTO order_items (id, order_id, product_id, quantity, price) VALUES (268, 111, 73, 4, 71.60);
INSERT INTO order_items (id, order_id, product_id, quantity, price) VALUES (269, 145, 51, 3, 96.50);
INSERT INTO order_items (id, order_id, product_id, quantity, price) VALUES (270, 330, 64, 1, 478.46);
INSERT INTO order_items (id, order_id, product_id, quantity, price) VALUES (271, 271, 91, 3, 549.38);
INSERT INTO order_items (id, order_id, product_id, quantity, price) VALUES (272, 24, 3, 1, 295.87);
INSERT INTO order_items (id, order_id, product_id, quantity, price) VALUES (273, 164, 62, 1, 276.33);
INSERT INTO order_items (id, order_id, product_id, quantity, price) VALUES (274, 91, 100, 5, 447.99);
INSERT INTO order_items (id, order_id, product_id, quantity, price) VALUES (275, 245, 52, 3, 206.19);
INSERT INTO order_items (id, order_id, product_id, quantity, price) VALUES (276, 74, 10, 3, 102.37);
INSERT INTO order_items (id, order_id, product_id, quantity, price) VALUES (277, 196, 73, 4, 544.44);
INSERT INTO order_items (id, order_id, product_id, quantity, price) VALUES (278, 280, 63, 1, 448.47);
INSERT INTO order_items (id, order_id, product_id, quantity, price) VALUES (279, 362, 34, 4, 258.23);
INSERT INTO order_items (id, order_id, product_id, quantity, price) VALUES (280, 85, 21, 1, 262.31);
INSERT INTO order_items (id, order_id, product_id, quantity, price) VALUES (281, 132, 17, 5, 391.85);
INSERT INTO order_items (id, order_id, product_id, quantity, price) VALUES (282, 262, 38, 5, 203.58);
INSERT INTO order_items (id, order_id, product_id, quantity, price) VALUES (283, 270, 62, 1, 275.87);
INSERT INTO order_items (id, order_id, product_id, quantity, price) VALUES (284, 270, 25, 1, 188.25);
INSERT INTO order_items (id, order_id, product_id, quantity, price) VALUES (285, 299, 44, 1, 321.79);
INSERT INTO order_items (id, order_id, product_id, quantity, price) VALUES (286, 38, 5, 2, 73.29);
INSERT INTO order_items (id, order_id, product_id, quantity, price) VALUES (287, 88, 78, 5, 540.97);
INSERT INTO order_items (id, order_id, product_id, quantity, price) VALUES (288, 232, 64, 1, 499.11);
INSERT INTO order_items (id, order_id, product_id, quantity, price) VALUES (289, 76, 82, 1, 503.29);
INSERT INTO order_items (id, order_id, product_id, quantity, price) VALUES (290, 299, 40, 1, 10000.00);
INSERT INTO order_items (id, order_id, product_id, quantity, price) VALUES (291, 383, 64, 1, 76.12);
INSERT INTO order_items (id, order_id, product_id, quantity, price) VALUES (292, 188, 26, 2, 342.39);
INSERT INTO order_items (id, order_id, product_id, quantity, price) VALUES (293, 140, 14, 4, 82.50);
INSERT INTO order_items (id, order_id, product_id, quantity, price) VALUES (294, 385, 59, 5, 504.45);
INSERT INTO order_items (id, order_id, product_id, quantity, price) VALUES (295, 120, 30, 3, 274.52);
INSERT INTO order_items (id, order_id, product_id, quantity, price) VALUES (296, 181, 1, 1, 57.94);
INSERT INTO order_items (id, order_id, product_id, quantity, price) VALUES (297, 74, 38, 5, 174.64);
INSERT INTO order_items (id, order_id, product_id, quantity, price) VALUES (298, 276, 51, 3, 543.88);
INSERT INTO order_items (id, order_id, product_id, quantity, price) VALUES (299, 288, 18, 5, 452.19);
INSERT INTO order_items (id, order_id, product_id, quantity, price) VALUES (300, 63, 12, 3, 273.89);
INSERT INTO order_items (id, order_id, product_id, quantity, price) VALUES (301, 3, 60, 5, 113.96);
INSERT INTO order_items (id, order_id, product_id, quantity, price) VALUES (302, 95, 77, 5, 495.04);
INSERT INTO order_items (id, order_id, product_id, quantity, price) VALUES (303, 63, 52, 3, 228.63);
INSERT INTO order_items (id, order_id, product_id, quantity, price) VALUES (304, 65, 39, 5, 309.98);
INSERT INTO order_items (id, order_id, product_id, quantity, price) VALUES (305, 272, 10, 3, 137.31);
INSERT INTO order_items (id, order_id, product_id, quantity, price) VALUES (306, 188, 72, 3, 406.25);
INSERT INTO order_items (id, order_id, product_id, quantity, price) VALUES (307, 376, 61, 1, 188.93);
INSERT INTO order_items (id, order_id, product_id, quantity, price) VALUES (308, 29, 36, 4, 431.62);
INSERT INTO order_items (id, order_id, product_id, quantity, price) VALUES (309, 45, 2, 1, 260.38);
INSERT INTO order_items (id, order_id, product_id, quantity, price) VALUES (310, 128, 73, 4, 510.25);
INSERT INTO order_items (id, order_id, product_id, quantity, price) VALUES (311, 215, 64, 1, 492.22);
INSERT INTO order_items (id, order_id, product_id, quantity, price) VALUES (312, 305, 42, 1, 137.13);
INSERT INTO order_items (id, order_id, product_id, quantity, price) VALUES (313, 300, 59, 5, 528.47);
INSERT INTO order_items (id, order_id, product_id, quantity, price) VALUES (314, 391, 44, 1, 382.81);
INSERT INTO order_items (id, order_id, product_id, quantity, price) VALUES (315, 96, 62, 1, 310.64);
INSERT INTO order_items (id, order_id, product_id, quantity, price) VALUES (316, 350, 46, 2, 100.82);
INSERT INTO order_items (id, order_id, product_id, quantity, price) VALUES (317, 210, 54, 4, 403.28);
INSERT INTO order_items (id, order_id, product_id, quantity, price) VALUES (318, 102, 7, 2, 305.44);
INSERT INTO order_items (id, order_id, product_id, quantity, price) VALUES (319, 111, 3, 1, 355.45);
INSERT INTO order_items (id, order_id, product_id, quantity, price) VALUES (320, 168, 54, 4, 454.58);
INSERT INTO order_items (id, order_id, product_id, quantity, price) VALUES (321, 25, 97, 5, 188.19);
INSERT INTO order_items (id, order_id, product_id, quantity, price) VALUES (322, 48, 47, 2, 107.04);
INSERT INTO order_items (id, order_id, product_id, quantity, price) VALUES (323, 10, 65, 2, 140.08);
INSERT INTO order_items (id, order_id, product_id, quantity, price) VALUES (324, 1, 23, 1, 510.29);
INSERT INTO order_items (id, order_id, product_id, quantity, price) VALUES (325, 183, 29, 3, 180.31);
INSERT INTO order_items (id, order_id, product_id, quantity, price) VALUES (326, 91, 88, 2, 221.89);
INSERT INTO order_items (id, order_id, product_id, quantity, price) VALUES (327, 6, 62, 1, 283.83);
INSERT INTO order_items (id, order_id, product_id, quantity, price) VALUES (328, 222, 12, 3, 300.04);
INSERT INTO order_items (id, order_id, product_id, quantity, price) VALUES (329, 275, 93, 4, 247.15);
INSERT INTO order_items (id, order_id, product_id, quantity, price) VALUES (330, 239, 84, 1, 254.92);
INSERT INTO order_items (id, order_id, product_id, quantity, price) VALUES (331, 157, 15, 4, 147.48);
INSERT INTO order_items (id, order_id, product_id, quantity, price) VALUES (332, 212, 40, 1, 10000.00);
INSERT INTO order_items (id, order_id, product_id, quantity, price) VALUES (333, 146, 84, 1, 220.17);
INSERT INTO order_items (id, order_id, product_id, quantity, price) VALUES (334, 295, 50, 3, 523.36);
INSERT INTO order_items (id, order_id, product_id, quantity, price) VALUES (335, 225, 81, 1, 448.98);
INSERT INTO order_items (id, order_id, product_id, quantity, price) VALUES (336, 7, 23, 1, 463.02);
INSERT INTO order_items (id, order_id, product_id, quantity, price) VALUES (337, 266, 22, 1, 388.09);
INSERT INTO order_items (id, order_id, product_id, quantity, price) VALUES (338, 109, 22, 1, 413.02);
INSERT INTO order_items (id, order_id, product_id, quantity, price) VALUES (339, 320, 65, 2, 132.59);
INSERT INTO order_items (id, order_id, product_id, quantity, price) VALUES (340, 58, 82, 1, 480.73);
INSERT INTO order_items (id, order_id, product_id, quantity, price) VALUES (341, 129, 13, 4, 376.10);
INSERT INTO order_items (id, order_id, product_id, quantity, price) VALUES (342, 307, 58, 5, 391.57);
INSERT INTO order_items (id, order_id, product_id, quantity, price) VALUES (343, 70, 86, 2, 410.24);
INSERT INTO order_items (id, order_id, product_id, quantity, price) VALUES (344, 197, 63, 1, 423.05);
INSERT INTO order_items (id, order_id, product_id, quantity, price) VALUES (345, 99, 34, 4, 233.66);
INSERT INTO order_items (id, order_id, product_id, quantity, price) VALUES (346, 250, 87, 2, 66.64);
INSERT INTO order_items (id, order_id, product_id, quantity, price) VALUES (347, 21, 88, 2, 210.74);
INSERT INTO order_items (id, order_id, product_id, quantity, price) VALUES (348, 374, 30, 3, 252.69);
INSERT INTO order_items (id, order_id, product_id, quantity, price) VALUES (349, 165, 45, 2, 473.28);
INSERT INTO order_items (id, order_id, product_id, quantity, price) VALUES (350, 219, 53, 4, 285.09);
INSERT INTO order_items (id, order_id, product_id, quantity, price) VALUES (351, 124, 96, 4, 498.33);
INSERT INTO order_items (id, order_id, product_id, quantity, price) VALUES (352, 165, 97, 5, 185.13);
INSERT INTO order_items (id, order_id, product_id, quantity, price) VALUES (353, 342, 52, 3, 240.30);
INSERT INTO order_items (id, order_id, product_id, quantity, price) VALUES (354, 379, 44, 1, 300.54);
INSERT INTO order_items (id, order_id, product_id, quantity, price) VALUES (355, 116, 67, 2, 380.39);
INSERT INTO order_items (id, order_id, product_id, quantity, price) VALUES (356, 292, 60, 5, 111.49);
INSERT INTO order_items (id, order_id, product_id, quantity, price) VALUES (357, 84, 49, 2, 323.86);
INSERT INTO order_items (id, order_id, product_id, quantity, price) VALUES (358, 3, 27, 2, 416.59);
INSERT INTO order_items (id, order_id, product_id, quantity, price) VALUES (359, 316, 12, 3, 279.31);
INSERT INTO order_items (id, order_id, product_id, quantity, price) VALUES (360, 264, 17, 5, 366.27);
INSERT INTO order_items (id, order_id, product_id, quantity, price) VALUES (361, 282, 100, 5, 459.65);
INSERT INTO order_items (id, order_id, product_id, quantity, price) VALUES (362, 386, 31, 3, 401.89);
INSERT INTO order_items (id, order_id, product_id, quantity, price) VALUES (363, 368, 16, 4, 278.97);
INSERT INTO order_items (id, order_id, product_id, quantity, price) VALUES (364, 209, 8, 2, 345.16);
INSERT INTO order_items (id, order_id, product_id, quantity, price) VALUES (365, 139, 28, 2, 72.35);
INSERT INTO order_items (id, order_id, product_id, quantity, price) VALUES (366, 142, 66, 2, 289.86);
INSERT INTO order_items (id, order_id, product_id, quantity, price) VALUES (367, 52, 53, 4, 290.07);
INSERT INTO order_items (id, order_id, product_id, quantity, price) VALUES (368, 42, 84, 1, 257.20);
INSERT INTO order_items (id, order_id, product_id, quantity, price) VALUES (369, 23, 65, 2, 148.42);
INSERT INTO order_items (id, order_id, product_id, quantity, price) VALUES (370, 325, 35, 4, 365.87);
INSERT INTO order_items (id, order_id, product_id, quantity, price) VALUES (371, 28, 76, 4, 362.77);
INSERT INTO order_items (id, order_id, product_id, quantity, price) VALUES (372, 121, 34, 4, 221.36);
INSERT INTO order_items (id, order_id, product_id, quantity, price) VALUES (373, 284, 23, 1, 70.46);
INSERT INTO order_items (id, order_id, product_id, quantity, price) VALUES (374, 263, 62, 1, 340.39);
INSERT INTO order_items (id, order_id, product_id, quantity, price) VALUES (375, 20, 70, 3, 160.91);
INSERT INTO order_items (id, order_id, product_id, quantity, price) VALUES (376, 119, 95, 4, 426.36);
INSERT INTO order_items (id, order_id, product_id, quantity, price) VALUES (377, 262, 28, 2, 93.40);
INSERT INTO order_items (id, order_id, product_id, quantity, price) VALUES (378, 46, 78, 5, 90.60);
INSERT INTO order_items (id, order_id, product_id, quantity, price) VALUES (379, 60, 22, 1, 375.85);
INSERT INTO order_items (id, order_id, product_id, quantity, price) VALUES (380, 50, 90, 3, 391.53);
INSERT INTO order_items (id, order_id, product_id, quantity, price) VALUES (381, 128, 40, 1, 10000.00);
INSERT INTO order_items (id, order_id, product_id, quantity, price) VALUES (382, 272, 24, 1, 134.77);
INSERT INTO order_items (id, order_id, product_id, quantity, price) VALUES (383, 106, 62, 1, 259.44);
INSERT INTO order_items (id, order_id, product_id, quantity, price) VALUES (384, 362, 99, 5, 381.92);
INSERT INTO order_items (id, order_id, product_id, quantity, price) VALUES (385, 362, 42, 1, 114.16);
INSERT INTO order_items (id, order_id, product_id, quantity, price) VALUES (386, 58, 88, 2, 124.73);
INSERT INTO order_items (id, order_id, product_id, quantity, price) VALUES (387, 87, 6, 2, 195.96);
INSERT INTO order_items (id, order_id, product_id, quantity, price) VALUES (388, 31, 64, 1, 547.85);
INSERT INTO order_items (id, order_id, product_id, quantity, price) VALUES (389, 175, 10, 3, 123.87);
INSERT INTO order_items (id, order_id, product_id, quantity, price) VALUES (390, 105, 58, 5, 362.75);
INSERT INTO order_items (id, order_id, product_id, quantity, price) VALUES (391, 132, 85, 2, 296.06);
INSERT INTO order_items (id, order_id, product_id, quantity, price) VALUES (392, 376, 63, 1, 376.89);
INSERT INTO order_items (id, order_id, product_id, quantity, price) VALUES (393, 141, 55, 4, 511.65);
INSERT INTO order_items (id, order_id, product_id, quantity, price) VALUES (394, 234, 86, 2, 429.52);
INSERT INTO order_items (id, order_id, product_id, quantity, price) VALUES (395, 302, 33, 4, 83.72);
INSERT INTO order_items (id, order_id, product_id, quantity, price) VALUES (396, 145, 20, 5, 173.40);
INSERT INTO order_items (id, order_id, product_id, quantity, price) VALUES (397, 308, 15, 4, 164.18);
INSERT INTO order_items (id, order_id, product_id, quantity, price) VALUES (398, 23, 21, 1, 300.52);
INSERT INTO order_items (id, order_id, product_id, quantity, price) VALUES (399, 128, 79, 5, 206.80);
INSERT INTO order_items (id, order_id, product_id, quantity, price) VALUES (400, 304, 87, 2, 510.45);
INSERT INTO order_items (id, order_id, product_id, quantity, price) VALUES (401, 311, 13, 3, 362.71);
INSERT INTO order_items (id, order_id, product_id, quantity, price) VALUES (402, 321, 19, 5, 87.89);
INSERT INTO order_items (id, order_id, product_id, quantity, price) VALUES (403, 9, 15, 4, 90.51);
INSERT INTO order_items (id, order_id, product_id, quantity, price) VALUES (404, 367, 81, 1, 439.24);
INSERT INTO order_items (id, order_id, product_id, quantity, price) VALUES (405, 6, 74, 4, 101.35);
INSERT INTO order_items (id, order_id, product_id, quantity, price) VALUES (406, 387, 81, 1, 413.83);
INSERT INTO order_items (id, order_id, product_id, quantity, price) VALUES (407, 11, 83, 1, 165.98);
INSERT INTO order_items (id, order_id, product_id, quantity, price) VALUES (408, 382, 3, 1, 287.92);
INSERT INTO order_items (id, order_id, product_id, quantity, price) VALUES (409, 208, 19, 5, 72.98);
INSERT INTO order_items (id, order_id, product_id, quantity, price) VALUES (410, 45, 80, 5, 255.04);
INSERT INTO order_items (id, order_id, product_id, quantity, price) VALUES (411, 236, 53, 4, 349.77);
INSERT INTO order_items (id, order_id, product_id, quantity, price) VALUES (412, 265, 83, 1, 83.93);
INSERT INTO order_items (id, order_id, product_id, quantity, price) VALUES (413, 53, 71, 3, 250.94);
INSERT INTO order_items (id, order_id, product_id, quantity, price) VALUES (414, 118, 17, 5, 339.52);
INSERT INTO order_items (id, order_id, product_id, quantity, price) VALUES (415, 129, 35, 4, 327.13);
INSERT INTO order_items (id, order_id, product_id, quantity, price) VALUES (416, 398, 27, 2, 415.66);
INSERT INTO order_items (id, order_id, product_id, quantity, price) VALUES (417, 80, 94, 4, 10.00);
INSERT INTO order_items (id, order_id, product_id, quantity, price) VALUES (418, 104, 51, 3, 83.77);
INSERT INTO order_items (id, order_id, product_id, quantity, price) VALUES (419, 338, 53, 4, 273.54);
INSERT INTO order_items (id, order_id, product_id, quantity, price) VALUES (420, 292, 34, 4, 218.97);
INSERT INTO order_items (id, order_id, product_id, quantity, price) VALUES (421, 94, 87, 2, 55.44);
INSERT INTO order_items (id, order_id, product_id, quantity, price) VALUES (422, 106, 63, 1, 429.80);
INSERT INTO order_items (id, order_id, product_id, quantity, price) VALUES (423, 248, 88, 2, 115.86);
INSERT INTO order_items (id, order_id, product_id, quantity, price) VALUES (424, 81, 14, 4, 536.95);
INSERT INTO order_items (id, order_id, product_id, quantity, price) VALUES (425, 164, 86, 2, 469.67);
INSERT INTO order_items (id, order_id, product_id, quantity, price) VALUES (426, 49, 34, 4, 202.06);
INSERT INTO order_items (id, order_id, product_id, quantity, price) VALUES (427, 308, 68, 2, 475.95);
INSERT INTO order_items (id, order_id, product_id, quantity, price) VALUES (428, 66, 32, 3, 486.44);
INSERT INTO order_items (id, order_id, product_id, quantity, price) VALUES (429, 111, 69, 3, 96.36);
INSERT INTO order_items (id, order_id, product_id, quantity, price) VALUES (430, 138, 3, 1, 309.80);
INSERT INTO order_items (id, order_id, product_id, quantity, price) VALUES (431, 138, 75, 4, 185.94);
INSERT INTO order_items (id, order_id, product_id, quantity, price) VALUES (432, 243, 45, 2, 486.56);
INSERT INTO order_items (id, order_id, product_id, quantity, price) VALUES (433, 278, 60, 5, 136.56);
INSERT INTO order_items (id, order_id, product_id, quantity, price) VALUES (434, 383, 37, 5, 516.96);
INSERT INTO order_items (id, order_id, product_id, quantity, price) VALUES (435, 91, 15, 4, 121.21);
INSERT INTO order_items (id, order_id, product_id, quantity, price) VALUES (436, 83, 94, 4, 10.00);
INSERT INTO order_items (id, order_id, product_id, quantity, price) VALUES (437, 20, 67, 2, 409.22);
INSERT INTO order_items (id, order_id, product_id, quantity, price) VALUES (438, 10, 100, 5, 473.33);
INSERT INTO order_items (id, order_id, product_id, quantity, price) VALUES (439, 52, 29, 3, 186.69);
INSERT INTO order_items (id, order_id, product_id, quantity, price) VALUES (440, 247, 90, 3, 345.62);
INSERT INTO order_items (id, order_id, product_id, quantity, price) VALUES (441, 108, 27, 2, 442.71);
INSERT INTO order_items (id, order_id, product_id, quantity, price) VALUES (442, 228, 25, 2, 254.31);
INSERT INTO order_items (id, order_id, product_id, quantity, price) VALUES (443, 71, 27, 2, 509.69);
INSERT INTO order_items (id, order_id, product_id, quantity, price) VALUES (444, 34, 78, 5, 84.85);
INSERT INTO order_items (id, order_id, product_id, quantity, price) VALUES (445, 297, 60, 5, 77.66);
INSERT INTO order_items (id, order_id, product_id, quantity, price) VALUES (446, 189, 23, 1, 69.28);
INSERT INTO order_items (id, order_id, product_id, quantity, price) VALUES (447, 62, 13, 3, 365.09);
INSERT INTO order_items (id, order_id, product_id, quantity, price) VALUES (448, 213, 61, 5, 144.59);
INSERT INTO order_items (id, order_id, product_id, quantity, price) VALUES (449, 209, 73, 4, 529.83);
INSERT INTO order_items (id, order_id, product_id, quantity, price) VALUES (450, 373, 6, 2, 119.58);
INSERT INTO order_items (id, order_id, product_id, quantity, price) VALUES (451, 25, 20, 5, 149.65);
INSERT INTO order_items (id, order_id, product_id, quantity, price) VALUES (452, 82, 17, 5, 342.70);
INSERT INTO order_items (id, order_id, product_id, quantity, price) VALUES (453, 120, 99, 5, 380.93);
INSERT INTO order_items (id, order_id, product_id, quantity, price) VALUES (454, 241, 57, 5, 283.52);
INSERT INTO order_items (id, order_id, product_id, quantity, price) VALUES (455, 147, 20, 5, 144.92);
INSERT INTO order_items (id, order_id, product_id, quantity, price) VALUES (456, 321, 69, 3, 78.30);
INSERT INTO order_items (id, order_id, product_id, quantity, price) VALUES (457, 139, 9, 3, 449.28);
INSERT INTO order_items (id, order_id, product_id, quantity, price) VALUES (458, 172, 60, 5, 111.87);
INSERT INTO order_items (id, order_id, product_id, quantity, price) VALUES (459, 128, 100, 5, 437.62);
INSERT INTO order_items (id, order_id, product_id, quantity, price) VALUES (460, 393, 59, 5, 501.96);
INSERT INTO order_items (id, order_id, product_id, quantity, price) VALUES (461, 377, 66, 2, 272.73);
INSERT INTO order_items (id, order_id, product_id, quantity, price) VALUES (462, 62, 21, 1, 335.80);
INSERT INTO order_items (id, order_id, product_id, quantity, price) VALUES (463, 214, 36, 4, 400.06);
INSERT INTO order_items (id, order_id, product_id, quantity, price) VALUES (464, 97, 58, 5, 377.71);
INSERT INTO order_items (id, order_id, product_id, quantity, price) VALUES (465, 215, 14, 4, 531.57);
INSERT INTO order_items (id, order_id, product_id, quantity, price) VALUES (466, 159, 43, 1, 194.70);
INSERT INTO order_items (id, order_id, product_id, quantity, price) VALUES (467, 121, 34, 4, 203.12);
INSERT INTO order_items (id, order_id, product_id, quantity, price) VALUES (468, 98, 64, 1, 486.15);
INSERT INTO order_items (id, order_id, product_id, quantity, price) VALUES (469, 364, 54, 4, 419.53);
INSERT INTO order_items (id, order_id, product_id, quantity, price) VALUES (470, 209, 12, 3, 251.99);
INSERT INTO order_items (id, order_id, product_id, quantity, price) VALUES (471, 96, 71, 3, 249.23);
INSERT INTO order_items (id, order_id, product_id, quantity, price) VALUES (472, 384, 15, 4, 121.78);
INSERT INTO order_items (id, order_id, product_id, quantity, price) VALUES (473, 85, 70, 3, 183.75);
INSERT INTO order_items (id, order_id, product_id, quantity, price) VALUES (474, 365, 41, 1, 498.12);
INSERT INTO order_items (id, order_id, product_id, quantity, price) VALUES (475, 119, 14, 4, 541.83);
INSERT INTO order_items (id, order_id, product_id, quantity, price) VALUES (476, 67, 82, 1, 494.79);
INSERT INTO order_items (id, order_id, product_id, quantity, price) VALUES (477, 301, 47, 2, 111.34);
INSERT INTO order_items (id, order_id, product_id, quantity, price) VALUES (478, 308, 100, 5, 511.65);
INSERT INTO order_items (id, order_id, product_id, quantity, price) VALUES (479, 176, 79, 5, 217.78);
INSERT INTO order_items (id, order_id, product_id, quantity, price) VALUES (480, 156, 80, 5, 241.31);
INSERT INTO order_items (id, order_id, product_id, quantity, price) VALUES (481, 40, 65, 2, 91.92);
INSERT INTO order_items (id, order_id, product_id, quantity, price) VALUES (482, 203, 33, 4, 164.77);
INSERT INTO order_items (id, order_id, product_id, quantity, price) VALUES (483, 103, 41, 1, 528.06);
INSERT INTO order_items (id, order_id, product_id, quantity, price) VALUES (484, 172, 66, 2, 219.21);
INSERT INTO order_items (id, order_id, product_id, quantity, price) VALUES (485, 39, 82, 1, 535.42);
INSERT INTO order_items (id, order_id, product_id, quantity, price) VALUES (486, 284, 42, 1, 141.28);
INSERT INTO order_items (id, order_id, product_id, quantity, price) VALUES (487, 322, 79, 5, 142.50);
INSERT INTO order_items (id, order_id, product_id, quantity, price) VALUES (488, 390, 82, 1, 478.65);
INSERT INTO order_items (id, order_id, product_id, quantity, price) VALUES (489, 86, 4, 1, 432.47);
INSERT INTO order_items (id, order_id, product_id, quantity, price) VALUES (490, 381, 59, 5, 493.25);
INSERT INTO order_items (id, order_id, product_id, quantity, price) VALUES (491, 293, 82, 1, 464.42);
INSERT INTO order_items (id, order_id, product_id, quantity, price) VALUES (492, 76, 36, 4, 477.71);
INSERT INTO order_items (id, order_id, product_id, quantity, price) VALUES (493, 13, 70, 3, 208.59);
INSERT INTO order_items (id, order_id, product_id, quantity, price) VALUES (494, 87, 35, 4, 379.20);
INSERT INTO order_items (id, order_id, product_id, quantity, price) VALUES (495, 376, 62, 1, 279.93);
INSERT INTO order_items (id, order_id, product_id, quantity, price) VALUES (496, 228, 37, 5, 75.99);
INSERT INTO order_items (id, order_id, product_id, quantity, price) VALUES (497, 16, 68, 2, 499.05);
INSERT INTO order_items (id, order_id, product_id, quantity, price) VALUES (498, 56, 13, 4, 465.16);
INSERT INTO order_items (id, order_id, product_id, quantity, price) VALUES (499, 139, 92, 3, 129.12);
INSERT INTO order_items (id, order_id, product_id, quantity, price) VALUES (500, 255, 79, 5, 194.87);
INSERT INTO order_items (id, order_id, product_id, quantity, price) VALUES (501, 303, 14, 4, 70.84);
INSERT INTO order_items (id, order_id, product_id, quantity, price) VALUES (502, 177, 30, 3, 293.90);
INSERT INTO order_items (id, order_id, product_id, quantity, price) VALUES (503, 109, 55, 4, 537.72);
INSERT INTO order_items (id, order_id, product_id, quantity, price) VALUES (504, 34, 43, 1, 265.22);
INSERT INTO order_items (id, order_id, product_id, quantity, price) VALUES (505, 255, 86, 2, 478.39);
INSERT INTO order_items (id, order_id, product_id, quantity, price) VALUES (506, 28, 39, 5, 299.82);
INSERT INTO order_items (id, order_id, product_id, quantity, price) VALUES (507, 303, 81, 1, 419.73);
INSERT INTO order_items (id, order_id, product_id, quantity, price) VALUES (508, 331, 43, 1, 250.52);
INSERT INTO order_items (id, order_id, product_id, quantity, price) VALUES (509, 60, 6, 2, 198.54);
INSERT INTO order_items (id, order_id, product_id, quantity, price) VALUES (510, 220, 58, 5, 389.88);
INSERT INTO order_items (id, order_id, product_id, quantity, price) VALUES (511, 335, 6, 2, 170.95);
INSERT INTO order_items (id, order_id, product_id, quantity, price) VALUES (512, 95, 65, 2, 123.12);
INSERT INTO order_items (id, order_id, product_id, quantity, price) VALUES (513, 155, 50, 3, 467.70);
INSERT INTO order_items (id, order_id, product_id, quantity, price) VALUES (514, 112, 41, 1, 490.31);
INSERT INTO order_items (id, order_id, product_id, quantity, price) VALUES (515, 98, 49, 2, 320.46);
INSERT INTO order_items (id, order_id, product_id, quantity, price) VALUES (516, 201, 63, 1, 401.42);
INSERT INTO order_items (id, order_id, product_id, quantity, price) VALUES (517, 253, 63, 1, 441.30);
INSERT INTO order_items (id, order_id, product_id, quantity, price) VALUES (518, 308, 3, 1, 301.77);
INSERT INTO order_items (id, order_id, product_id, quantity, price) VALUES (519, 331, 14, 4, 531.43);
INSERT INTO order_items (id, order_id, product_id, quantity, price) VALUES (520, 326, 60, 5, 52.04);
INSERT INTO order_items (id, order_id, product_id, quantity, price) VALUES (521, 395, 3, 1, 322.98);
INSERT INTO order_items (id, order_id, product_id, quantity, price) VALUES (522, 23, 54, 4, 407.66);
INSERT INTO order_items (id, order_id, product_id, quantity, price) VALUES (523, 126, 10, 3, 50.73);
INSERT INTO order_items (id, order_id, product_id, quantity, price) VALUES (524, 190, 48, 2, 298.58);
INSERT INTO order_items (id, order_id, product_id, quantity, price) VALUES (525, 25, 86, 2, 495.64);
INSERT INTO order_items (id, order_id, product_id, quantity, price) VALUES (526, 158, 34, 4, 187.06);
INSERT INTO order_items (id, order_id, product_id, quantity, price) VALUES (527, 347, 58, 5, 397.10);
INSERT INTO order_items (id, order_id, product_id, quantity, price) VALUES (528, 295, 79, 5, 153.73);
INSERT INTO order_items (id, order_id, product_id, quantity, price) VALUES (529, 328, 36, 4, 409.09);
INSERT INTO order_items (id, order_id, product_id, quantity, price) VALUES (530, 186, 9, 3, 500.19);
INSERT INTO order_items (id, order_id, product_id, quantity, price) VALUES (531, 257, 99, 5, 422.87);
INSERT INTO order_items (id, order_id, product_id, quantity, price) VALUES (532, 107, 1, 1, 144.33);
INSERT INTO order_items (id, order_id, product_id, quantity, price) VALUES (533, 5, 2, 1, 245.86);
INSERT INTO order_items (id, order_id, product_id, quantity, price) VALUES (534, 38, 28, 2, 547.71);
INSERT INTO order_items (id, order_id, product_id, quantity, price) VALUES (535, 220, 24, 1, 152.48);
INSERT INTO order_items (id, order_id, product_id, quantity, price) VALUES (536, 220, 16, 4, 188.73);
INSERT INTO order_items (id, order_id, product_id, quantity, price) VALUES (537, 152, 30, 3, 336.86);
INSERT INTO order_items (id, order_id, product_id, quantity, price) VALUES (538, 365, 29, 2, 118.40);
INSERT INTO order_items (id, order_id, product_id, quantity, price) VALUES (539, 365, 57, 5, 251.29);
INSERT INTO order_items (id, order_id, product_id, quantity, price) VALUES (540, 32, 20, 5, 129.36);
INSERT INTO order_items (id, order_id, product_id, quantity, price) VALUES (541, 6, 7, 2, 298.55);
INSERT INTO order_items (id, order_id, product_id, quantity, price) VALUES (542, 45, 15, 4, 88.72);
INSERT INTO order_items (id, order_id, product_id, quantity, price) VALUES (543, 211, 3, 1, 363.75);
INSERT INTO order_items (id, order_id, product_id, quantity, price) VALUES (544, 130, 18, 5, 414.91);
INSERT INTO order_items (id, order_id, product_id, quantity, price) VALUES (545, 6, 43, 1, 169.77);
INSERT INTO order_items (id, order_id, product_id, quantity, price) VALUES (546, 354, 78, 5, 89.07);
INSERT INTO order_items (id, order_id, product_id, quantity, price) VALUES (547, 65, 73, 4, 523.22);
INSERT INTO order_items (id, order_id, product_id, quantity, price) VALUES (548, 236, 100, 5, 459.04);
INSERT INTO order_items (id, order_id, product_id, quantity, price) VALUES (549, 101, 70, 3, 227.50);
INSERT INTO order_items (id, order_id, product_id, quantity, price) VALUES (550, 239, 49, 2, 318.86);
INSERT INTO order_items (id, order_id, product_id, quantity, price) VALUES (551, 290, 9, 3, 449.03);
INSERT INTO order_items (id, order_id, product_id, quantity, price) VALUES (552, 101, 79, 5, 164.76);
INSERT INTO order_items (id, order_id, product_id, quantity, price) VALUES (553, 345, 82, 1, 520.36);
INSERT INTO order_items (id, order_id, product_id, quantity, price) VALUES (554, 174, 35, 4, 288.06);
INSERT INTO order_items (id, order_id, product_id, quantity, price) VALUES (555, 331, 64, 1, 511.35);
INSERT INTO order_items (id, order_id, product_id, quantity, price) VALUES (556, 60, 91, 3, 539.40);
INSERT INTO order_items (id, order_id, product_id, quantity, price) VALUES (557, 100, 27, 2, 485.17);
INSERT INTO order_items (id, order_id, product_id, quantity, price) VALUES (558, 393, 25, 2, 267.53);
INSERT INTO order_items (id, order_id, product_id, quantity, price) VALUES (559, 34, 26, 2, 312.52);
INSERT INTO order_items (id, order_id, product_id, quantity, price) VALUES (560, 263, 64, 1, 473.54);
INSERT INTO order_items (id, order_id, product_id, quantity, price) VALUES (561, 28, 2, 1, 250.84);
INSERT INTO order_items (id, order_id, product_id, quantity, price) VALUES (562, 289, 40, 1, 10000.00);
INSERT INTO order_items (id, order_id, product_id, quantity, price) VALUES (563, 201, 98, 5, 282.91);
INSERT INTO order_items (id, order_id, product_id, quantity, price) VALUES (564, 222, 63, 1, 450.35);
INSERT INTO order_items (id, order_id, product_id, quantity, price) VALUES (565, 252, 82, 1, 477.03);
INSERT INTO order_items (id, order_id, product_id, quantity, price) VALUES (566, 173, 94, 4, 10.00);
INSERT INTO order_items (id, order_id, product_id, quantity, price) VALUES (567, 168, 33, 4, 138.00);
INSERT INTO order_items (id, order_id, product_id, quantity, price) VALUES (568, 334, 13, 4, 385.23);
INSERT INTO order_items (id, order_id, product_id, quantity, price) VALUES (569, 384, 25, 2, 265.08);
INSERT INTO order_items (id, order_id, product_id, quantity, price) VALUES (570, 136, 2, 1, 184.35);
INSERT INTO order_items (id, order_id, product_id, quantity, price) VALUES (571, 193, 5, 2, 518.07);
INSERT INTO order_items (id, order_id, product_id, quantity, price) VALUES (572, 361, 88, 2, 135.85);
INSERT INTO order_items (id, order_id, product_id, quantity, price) VALUES (573, 380, 13, 4, 396.14);
INSERT INTO order_items (id, order_id, product_id, quantity, price) VALUES (574, 232, 33, 4, 106.76);
INSERT INTO order_items (id, order_id, product_id, quantity, price) VALUES (575, 256, 50, 3, 529.38);
INSERT INTO order_items (id, order_id, product_id, quantity, price) VALUES (576, 231, 21, 1, 312.44);
INSERT INTO order_items (id, order_id, product_id, quantity, price) VALUES (577, 143, 94, 4, 10.00);
INSERT INTO order_items (id, order_id, product_id, quantity, price) VALUES (578, 379, 2, 1, 159.60);
INSERT INTO order_items (id, order_id, product_id, quantity, price) VALUES (579, 132, 69, 3, 122.26);
INSERT INTO order_items (id, order_id, product_id, quantity, price) VALUES (580, 128, 47, 2, 142.20);
INSERT INTO order_items (id, order_id, product_id, quantity, price) VALUES (581, 94, 15, 4, 136.53);
INSERT INTO order_items (id, order_id, product_id, quantity, price) VALUES (582, 270, 82, 1, 476.62);
INSERT INTO order_items (id, order_id, product_id, quantity, price) VALUES (583, 359, 49, 3, 406.17);
INSERT INTO order_items (id, order_id, product_id, quantity, price) VALUES (584, 82, 59, 5, 454.31);
INSERT INTO order_items (id, order_id, product_id, quantity, price) VALUES (585, 82, 72, 3, 350.08);
INSERT INTO order_items (id, order_id, product_id, quantity, price) VALUES (586, 144, 71, 3, 330.02);
INSERT INTO order_items (id, order_id, product_id, quantity, price) VALUES (587, 286, 19, 5, 94.90);
INSERT INTO order_items (id, order_id, product_id, quantity, price) VALUES (588, 108, 3, 1, 324.97);
INSERT INTO order_items (id, order_id, product_id, quantity, price) VALUES (589, 241, 64, 1, 55.37);
INSERT INTO order_items (id, order_id, product_id, quantity, price) VALUES (590, 105, 28, 2, 85.65);
INSERT INTO order_items (id, order_id, product_id, quantity, price) VALUES (591, 12, 99, 5, 385.55);
INSERT INTO order_items (id, order_id, product_id, quantity, price) VALUES (592, 320, 47, 2, 111.12);
INSERT INTO order_items (id, order_id, product_id, quantity, price) VALUES (593, 153, 97, 5, 119.05);
INSERT INTO order_items (id, order_id, product_id, quantity, price) VALUES (594, 346, 20, 5, 193.69);
INSERT INTO order_items (id, order_id, product_id, quantity, price) VALUES (595, 276, 88, 2, 197.22);
INSERT INTO order_items (id, order_id, product_id, quantity, price) VALUES (596, 38, 81, 1, 414.96);
INSERT INTO order_items (id, order_id, product_id, quantity, price) VALUES (597, 116, 86, 2, 407.70);
INSERT INTO order_items (id, order_id, product_id, quantity, price) VALUES (598, 386, 82, 1, 55.18);
INSERT INTO order_items (id, order_id, product_id, quantity, price) VALUES (599, 347, 27, 2, 402.13);
INSERT INTO order_items (id, order_id, product_id, quantity, price) VALUES (600, 106, 13, 4, 389.11);
INSERT INTO order_items (id, order_id, product_id, quantity, price) VALUES (601, 77, 30, 3, 307.33);
INSERT INTO order_items (id, order_id, product_id, quantity, price) VALUES (602, 246, 63, 1, 421.28);
INSERT INTO order_items (id, order_id, product_id, quantity, price) VALUES (603, 128, 47, 2, 125.09);
INSERT INTO order_items (id, order_id, product_id, quantity, price) VALUES (604, 139, 19, 5, 529.03);
INSERT INTO order_items (id, order_id, product_id, quantity, price) VALUES (605, 50, 54, 4, 412.93);
INSERT INTO order_items (id, order_id, product_id, quantity, price) VALUES (606, 292, 72, 3, 352.34);
INSERT INTO order_items (id, order_id, product_id, quantity, price) VALUES (607, 324, 87, 2, 505.91);
INSERT INTO order_items (id, order_id, product_id, quantity, price) VALUES (608, 274, 89, 3, 293.32);
INSERT INTO order_items (id, order_id, product_id, quantity, price) VALUES (609, 244, 82, 1, 511.01);
INSERT INTO order_items (id, order_id, product_id, quantity, price) VALUES (610, 94, 83, 1, 60.87);
INSERT INTO order_items (id, order_id, product_id, quantity, price) VALUES (611, 64, 44, 1, 290.34);
INSERT INTO order_items (id, order_id, product_id, quantity, price) VALUES (612, 367, 73, 4, 64.17);
INSERT INTO order_items (id, order_id, product_id, quantity, price) VALUES (613, 175, 39, 5, 243.77);
INSERT INTO order_items (id, order_id, product_id, quantity, price) VALUES (614, 67, 27, 2, 440.84);
INSERT INTO order_items (id, order_id, product_id, quantity, price) VALUES (615, 254, 28, 2, 523.28);
INSERT INTO order_items (id, order_id, product_id, quantity, price) VALUES (616, 137, 31, 3, 405.55);
INSERT INTO order_items (id, order_id, product_id, quantity, price) VALUES (617, 2, 68, 2, 430.69);
INSERT INTO order_items (id, order_id, product_id, quantity, price) VALUES (618, 293, 52, 3, 249.96);
INSERT INTO order_items (id, order_id, product_id, quantity, price) VALUES (619, 327, 19, 5, 103.97);
INSERT INTO order_items (id, order_id, product_id, quantity, price) VALUES (620, 112, 57, 4, 203.89);
INSERT INTO order_items (id, order_id, product_id, quantity, price) VALUES (621, 129, 19, 5, 527.85);
INSERT INTO order_items (id, order_id, product_id, quantity, price) VALUES (622, 249, 15, 4, 130.75);
INSERT INTO order_items (id, order_id, product_id, quantity, price) VALUES (623, 73, 23, 1, 65.53);
INSERT INTO order_items (id, order_id, product_id, quantity, price) VALUES (624, 159, 92, 3, 102.36);
INSERT INTO order_items (id, order_id, product_id, quantity, price) VALUES (625, 105, 28, 2, 536.59);
INSERT INTO order_items (id, order_id, product_id, quantity, price) VALUES (626, 54, 98, 5, 212.08);
INSERT INTO order_items (id, order_id, product_id, quantity, price) VALUES (627, 291, 2, 1, 153.84);
INSERT INTO order_items (id, order_id, product_id, quantity, price) VALUES (628, 223, 31, 3, 388.75);
INSERT INTO order_items (id, order_id, product_id, quantity, price) VALUES (629, 92, 64, 1, 495.56);
INSERT INTO order_items (id, order_id, product_id, quantity, price) VALUES (630, 140, 56, 4, 160.49);
INSERT INTO order_items (id, order_id, product_id, quantity, price) VALUES (631, 111, 85, 2, 352.35);
INSERT INTO order_items (id, order_id, product_id, quantity, price) VALUES (632, 308, 95, 4, 467.77);
INSERT INTO order_items (id, order_id, product_id, quantity, price) VALUES (633, 190, 77, 5, 440.48);
INSERT INTO order_items (id, order_id, product_id, quantity, price) VALUES (634, 235, 90, 3, 345.63);
INSERT INTO order_items (id, order_id, product_id, quantity, price) VALUES (635, 169, 52, 3, 160.96);
INSERT INTO order_items (id, order_id, product_id, quantity, price) VALUES (636, 335, 46, 2, 64.84);
INSERT INTO order_items (id, order_id, product_id, quantity, price) VALUES (637, 94, 86, 2, 417.12);
INSERT INTO order_items (id, order_id, product_id, quantity, price) VALUES (638, 304, 97, 5, 184.35);
INSERT INTO order_items (id, order_id, product_id, quantity, price) VALUES (639, 151, 90, 3, 340.81);
INSERT INTO order_items (id, order_id, product_id, quantity, price) VALUES (640, 183, 64, 1, 503.15);
INSERT INTO order_items (id, order_id, product_id, quantity, price) VALUES (641, 120, 77, 5, 408.85);
INSERT INTO order_items (id, order_id, product_id, quantity, price) VALUES (642, 142, 3, 1, 313.88);
INSERT INTO order_items (id, order_id, product_id, quantity, price) VALUES (643, 263, 9, 3, 429.26);
INSERT INTO order_items (id, order_id, product_id, quantity, price) VALUES (644, 300, 75, 4, 272.64);
INSERT INTO order_items (id, order_id, product_id, quantity, price) VALUES (645, 181, 29, 2, 127.13);
INSERT INTO order_items (id, order_id, product_id, quantity, price) VALUES (646, 237, 7, 2, 280.45);
INSERT INTO order_items (id, order_id, product_id, quantity, price) VALUES (647, 53, 87, 2, 77.44);
INSERT INTO order_items (id, order_id, product_id, quantity, price) VALUES (648, 364, 46, 2, 541.15);
INSERT INTO order_items (id, order_id, product_id, quantity, price) VALUES (649, 223, 74, 4, 116.36);
INSERT INTO order_items (id, order_id, product_id, quantity, price) VALUES (650, 220, 89, 3, 274.11);
INSERT INTO order_items (id, order_id, product_id, quantity, price) VALUES (651, 90, 96, 4, 71.55);
INSERT INTO order_items (id, order_id, product_id, quantity, price) VALUES (652, 160, 33, 4, 108.86);
INSERT INTO order_items (id, order_id, product_id, quantity, price) VALUES (653, 323, 42, 1, 73.91);
INSERT INTO order_items (id, order_id, product_id, quantity, price) VALUES (654, 158, 4, 1, 423.30);
INSERT INTO order_items (id, order_id, product_id, quantity, price) VALUES (655, 253, 39, 5, 238.54);
INSERT INTO order_items (id, order_id, product_id, quantity, price) VALUES (656, 385, 48, 2, 313.86);
INSERT INTO order_items (id, order_id, product_id, quantity, price) VALUES (657, 143, 96, 4, 515.61);
INSERT INTO order_items (id, order_id, product_id, quantity, price) VALUES (658, 104, 84, 1, 250.53);
INSERT INTO order_items (id, order_id, product_id, quantity, price) VALUES (659, 85, 30, 3, 286.74);
INSERT INTO order_items (id, order_id, product_id, quantity, price) VALUES (660, 96, 40, 1, 10000.00);
INSERT INTO order_items (id, order_id, product_id, quantity, price) VALUES (661, 394, 62, 1, 311.19);
INSERT INTO order_items (id, order_id, product_id, quantity, price) VALUES (662, 169, 2, 1, 211.48);
INSERT INTO order_items (id, order_id, product_id, quantity, price) VALUES (663, 199, 2, 1, 183.02);
INSERT INTO order_items (id, order_id, product_id, quantity, price) VALUES (664, 58, 50, 3, 500.51);
INSERT INTO order_items (id, order_id, product_id, quantity, price) VALUES (665, 143, 89, 3, 291.28);
INSERT INTO order_items (id, order_id, product_id, quantity, price) VALUES (666, 383, 21, 1, 250.78);
INSERT INTO order_items (id, order_id, product_id, quantity, price) VALUES (667, 115, 12, 3, 276.38);
INSERT INTO order_items (id, order_id, product_id, quantity, price) VALUES (668, 239, 29, 2, 115.10);
INSERT INTO order_items (id, order_id, product_id, quantity, price) VALUES (669, 80, 71, 3, 280.69);
INSERT INTO order_items (id, order_id, product_id, quantity, price) VALUES (670, 265, 57, 5, 260.50);
INSERT INTO order_items (id, order_id, product_id, quantity, price) VALUES (671, 129, 77, 5, 504.74);
INSERT INTO order_items (id, order_id, product_id, quantity, price) VALUES (672, 71, 60, 5, 73.53);
INSERT INTO order_items (id, order_id, product_id, quantity, price) VALUES (673, 371, 20, 5, 135.07);
INSERT INTO order_items (id, order_id, product_id, quantity, price) VALUES (674, 299, 98, 5, 243.55);
INSERT INTO order_items (id, order_id, product_id, quantity, price) VALUES (675, 112, 49, 3, 347.74);
INSERT INTO order_items (id, order_id, product_id, quantity, price) VALUES (676, 338, 69, 3, 66.65);
INSERT INTO order_items (id, order_id, product_id, quantity, price) VALUES (677, 301, 59, 5, 481.29);
INSERT INTO order_items (id, order_id, product_id, quantity, price) VALUES (678, 121, 68, 2, 437.98);
INSERT INTO order_items (id, order_id, product_id, quantity, price) VALUES (679, 233, 34, 4, 173.95);
INSERT INTO order_items (id, order_id, product_id, quantity, price) VALUES (680, 223, 87, 2, 543.64);
INSERT INTO order_items (id, order_id, product_id, quantity, price) VALUES (681, 381, 21, 1, 283.49);
INSERT INTO order_items (id, order_id, product_id, quantity, price) VALUES (682, 368, 40, 1, 10000.00);
INSERT INTO order_items (id, order_id, product_id, quantity, price) VALUES (683, 162, 88, 2, 156.90);
INSERT INTO order_items (id, order_id, product_id, quantity, price) VALUES (684, 261, 76, 4, 309.25);
INSERT INTO order_items (id, order_id, product_id, quantity, price) VALUES (685, 137, 77, 4, 401.29);
INSERT INTO order_items (id, order_id, product_id, quantity, price) VALUES (686, 376, 26, 2, 290.31);
INSERT INTO order_items (id, order_id, product_id, quantity, price) VALUES (687, 70, 13, 4, 394.07);
INSERT INTO order_items (id, order_id, product_id, quantity, price) VALUES (688, 17, 92, 3, 59.80);
INSERT INTO order_items (id, order_id, product_id, quantity, price) VALUES (689, 205, 64, 1, 503.61);
INSERT INTO order_items (id, order_id, product_id, quantity, price) VALUES (690, 246, 62, 1, 280.51);
INSERT INTO order_items (id, order_id, product_id, quantity, price) VALUES (691, 324, 20, 5, 166.30);
INSERT INTO order_items (id, order_id, product_id, quantity, price) VALUES (692, 111, 95, 4, 376.68);
INSERT INTO order_items (id, order_id, product_id, quantity, price) VALUES (693, 119, 49, 3, 337.80);
INSERT INTO order_items (id, order_id, product_id, quantity, price) VALUES (694, 247, 70, 3, 209.21);
INSERT INTO order_items (id, order_id, product_id, quantity, price) VALUES (695, 86, 53, 4, 352.69);
INSERT INTO order_items (id, order_id, product_id, quantity, price) VALUES (696, 381, 61, 1, 194.75);
INSERT INTO order_items (id, order_id, product_id, quantity, price) VALUES (697, 345, 22, 1, 421.21);
INSERT INTO order_items (id, order_id, product_id, quantity, price) VALUES (698, 378, 68, 2, 505.32);
INSERT INTO order_items (id, order_id, product_id, quantity, price) VALUES (699, 396, 28, 2, 65.14);
INSERT INTO order_items (id, order_id, product_id, quantity, price) VALUES (700, 104, 79, 5, 211.68);
INSERT INTO order_items (id, order_id, product_id, quantity, price) VALUES (701, 266, 60, 5, 121.24);
INSERT INTO order_items (id, order_id, product_id, quantity, price) VALUES (702, 225, 26, 2, 349.61);
INSERT INTO order_items (id, order_id, product_id, quantity, price) VALUES (703, 86, 40, 1, 10000.00);
INSERT INTO order_items (id, order_id, product_id, quantity, price) VALUES (704, 345, 38, 5, 115.63);
INSERT INTO order_items (id, order_id, product_id, quantity, price) VALUES (705, 55, 65, 2, 167.46);
INSERT INTO order_items (id, order_id, product_id, quantity, price) VALUES (706, 55, 64, 1, 501.30);
INSERT INTO order_items (id, order_id, product_id, quantity, price) VALUES (707, 59, 57, 4, 205.99);
INSERT INTO order_items (id, order_id, product_id, quantity, price) VALUES (708, 240, 14, 4, 499.72);
INSERT INTO order_items (id, order_id, product_id, quantity, price) VALUES (709, 276, 94, 4, 10.00);
INSERT INTO order_items (id, order_id, product_id, quantity, price) VALUES (710, 206, 51, 3, 131.34);
INSERT INTO order_items (id, order_id, product_id, quantity, price) VALUES (711, 383, 54, 4, 407.87);
INSERT INTO order_items (id, order_id, product_id, quantity, price) VALUES (712, 336, 61, 1, 165.55);
INSERT INTO order_items (id, order_id, product_id, quantity, price) VALUES (713, 378, 73, 4, 510.01);
INSERT INTO order_items (id, order_id, product_id, quantity, price) VALUES (714, 177, 97, 4, 106.76);
INSERT INTO order_items (id, order_id, product_id, quantity, price) VALUES (715, 139, 52, 3, 220.07);
INSERT INTO order_items (id, order_id, product_id, quantity, price) VALUES (716, 389, 14, 4, 480.61);
INSERT INTO order_items (id, order_id, product_id, quantity, price) VALUES (717, 355, 58, 5, 404.27);
INSERT INTO order_items (id, order_id, product_id, quantity, price) VALUES (718, 152, 34, 4, 224.19);
INSERT INTO order_items (id, order_id, product_id, quantity, price) VALUES (719, 212, 58, 5, 394.75);
INSERT INTO order_items (id, order_id, product_id, quantity, price) VALUES (720, 121, 71, 3, 248.57);
INSERT INTO order_items (id, order_id, product_id, quantity, price) VALUES (721, 202, 82, 1, 520.78);
INSERT INTO order_items (id, order_id, product_id, quantity, price) VALUES (722, 48, 100, 5, 441.97);
INSERT INTO order_items (id, order_id, product_id, quantity, price) VALUES (723, 41, 25, 2, 256.79);
INSERT INTO order_items (id, order_id, product_id, quantity, price) VALUES (724, 147, 32, 3, 522.24);
INSERT INTO order_items (id, order_id, product_id, quantity, price) VALUES (725, 79, 98, 5, 241.36);
INSERT INTO order_items (id, order_id, product_id, quantity, price) VALUES (726, 133, 34, 4, 234.93);
INSERT INTO order_items (id, order_id, product_id, quantity, price) VALUES (727, 51, 22, 1, 418.54);
INSERT INTO order_items (id, order_id, product_id, quantity, price) VALUES (728, 33, 15, 4, 165.29);
INSERT INTO order_items (id, order_id, product_id, quantity, price) VALUES (729, 221, 92, 3, 64.62);
INSERT INTO order_items (id, order_id, product_id, quantity, price) VALUES (730, 239, 40, 1, 10000.00);
INSERT INTO order_items (id, order_id, product_id, quantity, price) VALUES (731, 77, 36, 4, 392.98);
INSERT INTO order_items (id, order_id, product_id, quantity, price) VALUES (732, 383, 72, 3, 452.06);
INSERT INTO order_items (id, order_id, product_id, quantity, price) VALUES (733, 389, 17, 5, 334.99);
INSERT INTO order_items (id, order_id, product_id, quantity, price) VALUES (734, 259, 75, 4, 211.94);
INSERT INTO order_items (id, order_id, product_id, quantity, price) VALUES (735, 31, 65, 2, 89.96);
INSERT INTO order_items (id, order_id, product_id, quantity, price) VALUES (736, 7, 96, 4, 487.42);
INSERT INTO order_items (id, order_id, product_id, quantity, price) VALUES (737, 345, 52, 3, 186.86);
INSERT INTO order_items (id, order_id, product_id, quantity, price) VALUES (738, 350, 5, 2, 541.13);
INSERT INTO order_items (id, order_id, product_id, quantity, price) VALUES (739, 204, 52, 3, 185.49);
INSERT INTO order_items (id, order_id, product_id, quantity, price) VALUES (740, 112, 36, 4, 468.30);
INSERT INTO order_items (id, order_id, product_id, quantity, price) VALUES (741, 171, 90, 3, 409.21);
INSERT INTO order_items (id, order_id, product_id, quantity, price) VALUES (742, 313, 10, 3, 62.72);
INSERT INTO order_items (id, order_id, product_id, quantity, price) VALUES (743, 235, 35, 4, 351.88);
INSERT INTO order_items (id, order_id, product_id, quantity, price) VALUES (744, 182, 2, 1, 249.80);
INSERT INTO order_items (id, order_id, product_id, quantity, price) VALUES (745, 337, 24, 1, 105.43);
INSERT INTO order_items (id, order_id, product_id, quantity, price) VALUES (746, 1, 72, 3, 343.89);
INSERT INTO order_items (id, order_id, product_id, quantity, price) VALUES (747, 269, 87, 2, 498.62);
INSERT INTO order_items (id, order_id, product_id, quantity, price) VALUES (748, 333, 87, 2, 69.50);
INSERT INTO order_items (id, order_id, product_id, quantity, price) VALUES (749, 332, 13, 4, 427.67);
INSERT INTO order_items (id, order_id, product_id, quantity, price) VALUES (750, 122, 77, 5, 434.80);
INSERT INTO order_items (id, order_id, product_id, quantity, price) VALUES (751, 396, 40, 1, 10000.00);
INSERT INTO order_items (id, order_id, product_id, quantity, price) VALUES (752, 297, 85, 2, 325.71);
INSERT INTO order_items (id, order_id, product_id, quantity, price) VALUES (753, 293, 14, 4, 477.69);
INSERT INTO order_items (id, order_id, product_id, quantity, price) VALUES (754, 171, 17, 5, 400.96);
INSERT INTO order_items (id, order_id, product_id, quantity, price) VALUES (755, 310, 30, 3, 272.89);
INSERT INTO order_items (id, order_id, product_id, quantity, price) VALUES (756, 149, 80, 5, 310.95);
INSERT INTO order_items (id, order_id, product_id, quantity, price) VALUES (757, 188, 62, 1, 269.58);
INSERT INTO order_items (id, order_id, product_id, quantity, price) VALUES (758, 143, 2, 1, 239.45);
INSERT INTO order_items (id, order_id, product_id, quantity, price) VALUES (759, 306, 12, 3, 324.81);
INSERT INTO order_items (id, order_id, product_id, quantity, price) VALUES (760, 130, 46, 2, 61.25);
INSERT INTO order_items (id, order_id, product_id, quantity, price) VALUES (761, 372, 21, 5, 242.04);
INSERT INTO order_items (id, order_id, product_id, quantity, price) VALUES (762, 394, 54, 4, 389.17);
INSERT INTO order_items (id, order_id, product_id, quantity, price) VALUES (763, 348, 35, 4, 310.26);
INSERT INTO order_items (id, order_id, product_id, quantity, price) VALUES (764, 29, 47, 2, 182.29);
INSERT INTO order_items (id, order_id, product_id, quantity, price) VALUES (765, 19, 2, 1, 226.05);
INSERT INTO order_items (id, order_id, product_id, quantity, price) VALUES (766, 313, 94, 4, 10.00);
INSERT INTO order_items (id, order_id, product_id, quantity, price) VALUES (767, 262, 61, 1, 201.70);
INSERT INTO order_items (id, order_id, product_id, quantity, price) VALUES (768, 248, 64, 1, 62.16);
INSERT INTO order_items (id, order_id, product_id, quantity, price) VALUES (769, 85, 70, 3, 141.63);
INSERT INTO order_items (id, order_id, product_id, quantity, price) VALUES (770, 362, 25, 2, 218.17);
INSERT INTO order_items (id, order_id, product_id, quantity, price) VALUES (771, 39, 78, 5, 537.88);
INSERT INTO order_items (id, order_id, product_id, quantity, price) VALUES (772, 373, 87, 2, 524.00);
INSERT INTO order_items (id, order_id, product_id, quantity, price) VALUES (773, 74, 91, 3, 451.17);
INSERT INTO order_items (id, order_id, product_id, quantity, price) VALUES (774, 116, 41, 1, 447.88);
INSERT INTO order_items (id, order_id, product_id, quantity, price) VALUES (775, 398, 11, 3, 133.48);
INSERT INTO order_items (id, order_id, product_id, quantity, price) VALUES (776, 40, 80, 5, 233.40);
INSERT INTO order_items (id, order_id, product_id, quantity, price) VALUES (777, 165, 59, 5, 436.67);
INSERT INTO order_items (id, order_id, product_id, quantity, price) VALUES (778, 146, 44, 1, 348.59);
INSERT INTO order_items (id, order_id, product_id, quantity, price) VALUES (779, 331, 49, 3, 353.42);
INSERT INTO order_items (id, order_id, product_id, quantity, price) VALUES (780, 138, 57, 5, 294.16);
INSERT INTO order_items (id, order_id, product_id, quantity, price) VALUES (781, 17, 40, 1, 10000.00);
INSERT INTO order_items (id, order_id, product_id, quantity, price) VALUES (782, 340, 54, 4, 390.12);
INSERT INTO order_items (id, order_id, product_id, quantity, price) VALUES (783, 345, 22, 1, 399.09);
INSERT INTO order_items (id, order_id, product_id, quantity, price) VALUES (784, 24, 84, 1, 223.82);
INSERT INTO order_items (id, order_id, product_id, quantity, price) VALUES (785, 48, 18, 5, 411.82);
INSERT INTO order_items (id, order_id, product_id, quantity, price) VALUES (786, 248, 93, 4, 171.50);
INSERT INTO order_items (id, order_id, product_id, quantity, price) VALUES (787, 195, 96, 4, 528.06);
INSERT INTO order_items (id, order_id, product_id, quantity, price) VALUES (788, 354, 5, 2, 539.60);
INSERT INTO order_items (id, order_id, product_id, quantity, price) VALUES (789, 101, 71, 3, 294.13);
INSERT INTO order_items (id, order_id, product_id, quantity, price) VALUES (790, 100, 67, 2, 385.63);
INSERT INTO order_items (id, order_id, product_id, quantity, price) VALUES (791, 147, 35, 4, 360.84);
INSERT INTO order_items (id, order_id, product_id, quantity, price) VALUES (792, 94, 13, 4, 408.20);
INSERT INTO order_items (id, order_id, product_id, quantity, price) VALUES (793, 273, 21, 1, 249.88);
INSERT INTO order_items (id, order_id, product_id, quantity, price) VALUES (794, 362, 15, 4, 79.58);
INSERT INTO order_items (id, order_id, product_id, quantity, price) VALUES (795, 59, 65, 2, 111.90);
INSERT INTO order_items (id, order_id, product_id, quantity, price) VALUES (796, 362, 87, 2, 56.01);
INSERT INTO order_items (id, order_id, product_id, quantity, price) VALUES (797, 241, 36, 4, 421.93);
INSERT INTO order_items (id, order_id, product_id, quantity, price) VALUES (798, 69, 90, 3, 356.77);
INSERT INTO order_items (id, order_id, product_id, quantity, price) VALUES (799, 328, 59, 5, 476.30);
INSERT INTO order_items (id, order_id, product_id, quantity, price) VALUES (800, 246, 52, 3, 202.33);


-- Insert wishlist
INSERT INTO wishlist (id, customer_id, product_id, created_at) VALUES (1, 24, 14, '2025-07-19 12:31:40');
INSERT INTO wishlist (id, customer_id, product_id, created_at) VALUES (2, 14, 95, '2025-07-19 12:31:40');
INSERT INTO wishlist (id, customer_id, product_id, created_at) VALUES (3, 46, 74, '2025-07-19 12:31:40');
INSERT INTO wishlist (id, customer_id, product_id, created_at) VALUES (4, 48, 51, '2025-07-19 12:31:40');
INSERT INTO wishlist (id, customer_id, product_id, created_at) VALUES (5, 35, 95, '2025-07-19 12:31:40');
INSERT INTO wishlist (id, customer_id, product_id, created_at) VALUES (6, 33, 38, '2025-07-19 12:31:40');
INSERT INTO wishlist (id, customer_id, product_id, created_at) VALUES (7, 48, 67, '2025-07-19 12:31:40');
INSERT INTO wishlist (id, customer_id, product_id, created_at) VALUES (8, 23, 24, '2025-07-19 12:31:40');
INSERT INTO wishlist (id, customer_id, product_id, created_at) VALUES (9, 42, 47, '2025-07-19 12:31:40');
INSERT INTO wishlist (id, customer_id, product_id, created_at) VALUES (10, 43, 82, '2025-07-19 12:31:40');
INSERT INTO wishlist (id, customer_id, product_id, created_at) VALUES (11, 28, 26, '2025-07-19 12:31:40');
INSERT INTO wishlist (id, customer_id, product_id, created_at) VALUES (12, 34, 59, '2025-07-19 12:31:40');
INSERT INTO wishlist (id, customer_id, product_id, created_at) VALUES (13, 45, 73, '2025-07-19 12:31:40');
INSERT INTO wishlist (id, customer_id, product_id, created_at) VALUES (14, 47, 46, '2025-07-19 12:31:40');
INSERT INTO wishlist (id, customer_id, product_id, created_at) VALUES (15, 27, 23, '2025-07-19 12:31:40');
INSERT INTO wishlist (id, customer_id, product_id, created_at) VALUES (16, 29, 17, '2025-07-19 12:31:40');
INSERT INTO wishlist (id, customer_id, product_id, created_at) VALUES (17, 6, 8, '2025-07-19 12:31:40');
INSERT INTO wishlist (id, customer_id, product_id, created_at) VALUES (18, 2, 97, '2025-07-19 12:31:40');
INSERT INTO wishlist (id, customer_id, product_id, created_at) VALUES (19, 36, 62, '2025-07-19 12:31:40');
INSERT INTO wishlist (id, customer_id, product_id, created_at) VALUES (20, 50, 8, '2025-07-19 12:31:40');
INSERT INTO wishlist (id, customer_id, product_id, created_at) VALUES (21, 22, 88, '2025-07-19 12:31:40');
INSERT INTO wishlist (id, customer_id, product_id, created_at) VALUES (22, 7, 1, '2025-07-19 12:31:40');
INSERT INTO wishlist (id, customer_id, product_id, created_at) VALUES (23, 33, 25, '2025-07-19 12:31:40');
INSERT INTO wishlist (id, customer_id, product_id, created_at) VALUES (24, 14, 59, '2025-07-19 12:31:40');
INSERT INTO wishlist (id, customer_id, product_id, created_at) VALUES (25, 8, 95, '2025-07-19 12:31:40');
INSERT INTO wishlist (id, customer_id, product_id, created_at) VALUES (26, 15, 61, '2025-07-19 12:31:40');
INSERT INTO wishlist (id, customer_id, product_id, created_at) VALUES (27, 10, 12, '2025-07-19 12:31:40');
INSERT INTO wishlist (id, customer_id, product_id, created_at) VALUES (28, 50, 63, '2025-07-19 12:31:40');
INSERT INTO wishlist (id, customer_id, product_id, created_at) VALUES (29, 7, 81, '2025-07-19 12:31:40');
INSERT INTO wishlist (id, customer_id, product_id, created_at) VALUES (30, 31, 67, '2025-07-19 12:31:40');
INSERT INTO wishlist (id, customer_id, product_id, created_at) VALUES (31, 25, 41, '2025-07-19 12:31:40');
INSERT INTO wishlist (id, customer_id, product_id, created_at) VALUES (32, 30, 77, '2025-07-19 12:31:40');
INSERT INTO wishlist (id, customer_id, product_id, created_at) VALUES (33, 1, 80, '2025-07-19 12:31:40');
INSERT INTO wishlist (id, customer_id, product_id, created_at) VALUES (34, 47, 28, '2025-07-19 12:31:40');
INSERT INTO wishlist (id, customer_id, product_id, created_at) VALUES (35, 29, 6, '2025-07-19 12:31:40');
INSERT INTO wishlist (id, customer_id, product_id, created_at) VALUES (36, 27, 51, '2025-07-19 12:31:40');
INSERT INTO wishlist (id, customer_id, product_id, created_at) VALUES (37, 47, 11, '2025-07-19 12:31:40');
INSERT INTO wishlist (id, customer_id, product_id, created_at) VALUES (38, 38, 46, '2025-07-19 12:31:40');
INSERT INTO wishlist (id, customer_id, product_id, created_at) VALUES (39, 1, 71, '2025-07-19 12:31:40');
INSERT INTO wishlist (id, customer_id, product_id, created_at) VALUES (40, 25, 35, '2025-07-19 12:31:40');
INSERT INTO wishlist (id, customer_id, product_id, created_at) VALUES (41, 13, 23, '2025-07-19 12:31:40');
INSERT INTO wishlist (id, customer_id, product_id, created_at) VALUES (42, 19, 16, '2025-07-19 12:31:40');
INSERT INTO wishlist (id, customer_id, product_id, created_at) VALUES (43, 35, 97, '2025-07-19 12:31:40');
INSERT INTO wishlist (id, customer_id, product_id, created_at) VALUES (44, 39, 93, '2025-07-19 12:31:40');
INSERT INTO wishlist (id, customer_id, product_id, created_at) VALUES (45, 18, 94, '2025-07-19 12:31:40');
INSERT INTO wishlist (id, customer_id, product_id, created_at) VALUES (46, 33, 46, '2025-07-19 12:31:40');
INSERT INTO wishlist (id, customer_id, product_id, created_at) VALUES (47, 16, 16, '2025-07-19 12:31:40');
INSERT INTO wishlist (id, customer_id, product_id, created_at) VALUES (48, 44, 91, '2025-07-19 12:31:40');
INSERT INTO wishlist (id, customer_id, product_id, created_at) VALUES (49, 46, 85, '2025-07-19 12:31:40');
INSERT INTO wishlist (id, customer_id, product_id, created_at) VALUES (50, 26, 96, '2025-07-19 12:31:40');
INSERT INTO wishlist (id, customer_id, product_id, created_at) VALUES (51, 14, 52, '2025-07-19 12:31:40');
INSERT INTO wishlist (id, customer_id, product_id, created_at) VALUES (52, 39, 25, '2025-07-19 12:31:40');
INSERT INTO wishlist (id, customer_id, product_id, created_at) VALUES (53, 49, 9, '2025-07-19 12:31:40');
INSERT INTO wishlist (id, customer_id, product_id, created_at) VALUES (54, 26, 29, '2025-07-19 12:31:40');
INSERT INTO wishlist (id, customer_id, product_id, created_at) VALUES (55, 45, 65, '2025-07-19 12:31:40');
INSERT INTO wishlist (id, customer_id, product_id, created_at) VALUES (56, 28, 80, '2025-07-19 12:31:40');
INSERT INTO wishlist (id, customer_id, product_id, created_at) VALUES (57, 16, 17, '2025-07-19 12:31:40');
INSERT INTO wishlist (id, customer_id, product_id, created_at) VALUES (58, 46, 10, '2025-07-19 12:31:40');
INSERT INTO wishlist (id, customer_id, product_id, created_at) VALUES (59, 36, 23, '2025-07-19 12:31:40');
INSERT INTO wishlist (id, customer_id, product_id, created_at) VALUES (60, 2, 51, '2025-07-19 12:31:40');
INSERT INTO wishlist (id, customer_id, product_id, created_at) VALUES (61, 22, 62, '2025-07-19 12:31:40');
INSERT INTO wishlist (id, customer_id, product_id, created_at) VALUES (62, 39, 4, '2025-07-19 12:31:40');
INSERT INTO wishlist (id, customer_id, product_id, created_at) VALUES (63, 43, 14, '2025-07-19 12:31:40');
INSERT INTO wishlist (id, customer_id, product_id, created_at) VALUES (64, 6, 21, '2025-07-19 12:31:40');
INSERT INTO wishlist (id, customer_id, product_id, created_at) VALUES (65, 33, 69, '2025-07-19 12:31:40');
INSERT INTO wishlist (id, customer_id, product_id, created_at) VALUES (66, 22, 13, '2025-07-19 12:31:40');
INSERT INTO wishlist (id, customer_id, product_id, created_at) VALUES (67, 17, 26, '2025-07-19 12:31:40');
INSERT INTO wishlist (id, customer_id, product_id, created_at) VALUES (68, 14, 63, '2025-07-19 12:31:40');
INSERT INTO wishlist (id, customer_id, product_id, created_at) VALUES (69, 15, 55, '2025-07-19 12:31:40');
INSERT INTO wishlist (id, customer_id, product_id, created_at) VALUES (70, 45, 84, '2025-07-19 12:31:40');
INSERT INTO wishlist (id, customer_id, product_id, created_at) VALUES (71, 24, 87, '2025-07-19 12:31:40');
INSERT INTO wishlist (id, customer_id, product_id, created_at) VALUES (72, 46, 100, '2025-07-19 12:31:40');
INSERT INTO wishlist (id, customer_id, product_id, created_at) VALUES (73, 11, 9, '2025-07-19 12:31:40');
INSERT INTO wishlist (id, customer_id, product_id, created_at) VALUES (74, 39, 64, '2025-07-19 12:31:40');
INSERT INTO wishlist (id, customer_id, product_id, created_at) VALUES (75, 44, 40, '2025-07-19 12:31:40');
INSERT INTO wishlist (id, customer_id, product_id, created_at) VALUES (76, 20, 75, '2025-07-19 12:31:40');
INSERT INTO wishlist (id, customer_id, product_id, created_at) VALUES (77, 30, 69, '2025-07-19 12:31:40');
INSERT INTO wishlist (id, customer_id, product_id, created_at) VALUES (78, 33, 20, '2025-07-19 12:31:40');
INSERT INTO wishlist (id, customer_id, product_id, created_at) VALUES (79, 2, 59, '2025-07-19 12:31:40');
INSERT INTO wishlist (id, customer_id, product_id, created_at) VALUES (80, 42, 37, '2025-07-19 12:31:40');
INSERT INTO wishlist (id, customer_id, product_id, created_at) VALUES (81, 19, 74, '2025-07-19 12:31:40');
INSERT INTO wishlist (id, customer_id, product_id, created_at) VALUES (82, 29, 62, '2025-07-19 12:31:40');
INSERT INTO wishlist (id, customer_id, product_id, created_at) VALUES (83, 20, 15, '2025-07-19 12:31:40');
INSERT INTO wishlist (id, customer_id, product_id, created_at) VALUES (84, 26, 12, '2025-07-19 12:31:40');
INSERT INTO wishlist (id, customer_id, product_id, created_at) VALUES (85, 3, 93, '2025-07-19 12:31:40');
INSERT INTO wishlist (id, customer_id, product_id, created_at) VALUES (86, 23, 47, '2025-07-19 12:31:40');
INSERT INTO wishlist (id, customer_id, product_id, created_at) VALUES (87, 49, 50, '2025-07-19 12:31:40');
INSERT INTO wishlist (id, customer_id, product_id, created_at) VALUES (88, 29, 32, '2025-07-19 12:31:40');
INSERT INTO wishlist (id, customer_id, product_id, created_at) VALUES (89, 46, 56, '2025-07-19 12:31:40');
INSERT INTO wishlist (id, customer_id, product_id, created_at) VALUES (90, 3, 63, '2025-07-19 12:31:40');
INSERT INTO wishlist (id, customer_id, product_id, created_at) VALUES (91, 48, 92, '2025-07-19 12:31:40');
INSERT INTO wishlist (id, customer_id, product_id, created_at) VALUES (92, 36, 77, '2025-07-19 12:31:40');
INSERT INTO wishlist (id, customer_id, product_id, created_at) VALUES (93, 36, 28, '2025-07-19 12:31:40');
INSERT INTO wishlist (id, customer_id, product_id, created_at) VALUES (94, 13, 40, '2025-07-19 12:31:40');
INSERT INTO wishlist (id, customer_id, product_id, created_at) VALUES (95, 13, 10, '2025-07-19 12:31:40');
INSERT INTO wishlist (id, customer_id, product_id, created_at) VALUES (96, 35, 14, '2025-07-19 12:31:40');
INSERT INTO wishlist (id, customer_id, product_id, created_at) VALUES (97, 31, 66, '2025-07-19 12:31:40');
INSERT INTO wishlist (id, customer_id, product_id, created_at) VALUES (98, 23, 29, '2025-07-19 12:31:40');
INSERT INTO wishlist (id, customer_id, product_id, created_at) VALUES (99, 3, 46, '2025-07-19 12:31:40');
INSERT INTO wishlist (id, customer_id, product_id, created_at) VALUES (100, 5, 9, '2025-07-19 12:31:40');
INSERT INTO wishlist (id, customer_id, product_id, created_at) VALUES (101, 9, 63, '2025-07-19 12:31:40');
INSERT INTO wishlist (id, customer_id, product_id, created_at) VALUES (102, 29, 1, '2025-07-19 12:31:40');
INSERT INTO wishlist (id, customer_id, product_id, created_at) VALUES (103, 15, 46, '2025-07-19 12:31:40');
INSERT INTO wishlist (id, customer_id, product_id, created_at) VALUES (104, 20, 60, '2025-07-19 12:31:40');
INSERT INTO wishlist (id, customer_id, product_id, created_at) VALUES (105, 40, 14, '2025-07-19 12:31:40');
INSERT INTO wishlist (id, customer_id, product_id, created_at) VALUES (106, 17, 24, '2025-07-19 12:31:40');
INSERT INTO wishlist (id, customer_id, product_id, created_at) VALUES (107, 9, 19, '2025-07-19 12:31:40');
INSERT INTO wishlist (id, customer_id, product_id, created_at) VALUES (108, 21, 50, '2025-07-19 12:31:40');
INSERT INTO wishlist (id, customer_id, product_id, created_at) VALUES (109, 12, 68, '2025-07-19 12:31:40');
INSERT INTO wishlist (id, customer_id, product_id, created_at) VALUES (110, 35, 42, '2025-07-19 12:31:40');
INSERT INTO wishlist (id, customer_id, product_id, created_at) VALUES (111, 1, 78, '2025-07-19 12:31:40');
INSERT INTO wishlist (id, customer_id, product_id, created_at) VALUES (112, 44, 4, '2025-07-19 12:31:40');
INSERT INTO wishlist (id, customer_id, product_id, created_at) VALUES (113, 28, 68, '2025-07-19 12:31:40');
INSERT INTO wishlist (id, customer_id, product_id, created_at) VALUES (114, 36, 50, '2025-07-19 12:31:40');
INSERT INTO wishlist (id, customer_id, product_id, created_at) VALUES (115, 18, 27, '2025-07-19 12:31:40');
INSERT INTO wishlist (id, customer_id, product_id, created_at) VALUES (116, 15, 64, '2025-07-19 12:31:40');
INSERT INTO wishlist (id, customer_id, product_id, created_at) VALUES (117, 15, 60, '2025-07-19 12:31:40');
INSERT INTO wishlist (id, customer_id, product_id, created_at) VALUES (118, 5, 68, '2025-07-19 12:31:40');
INSERT INTO wishlist (id, customer_id, product_id, created_at) VALUES (119, 6, 52, '2025-07-19 12:31:40');
INSERT INTO wishlist (id, customer_id, product_id, created_at) VALUES (120, 13, 68, '2025-07-19 12:31:40');
INSERT INTO wishlist (id, customer_id, product_id, created_at) VALUES (121, 33, 21, '2025-07-19 12:31:40');
INSERT INTO wishlist (id, customer_id, product_id, created_at) VALUES (122, 4, 74, '2025-07-19 12:31:40');
INSERT INTO wishlist (id, customer_id, product_id, created_at) VALUES (123, 24, 19, '2025-07-19 12:31:40');
INSERT INTO wishlist (id, customer_id, product_id, created_at) VALUES (124, 24, 81, '2025-07-19 12:31:40');
INSERT INTO wishlist (id, customer_id, product_id, created_at) VALUES (125, 31, 61, '2025-07-19 12:31:40');
INSERT INTO wishlist (id, customer_id, product_id, created_at) VALUES (126, 12, 31, '2025-07-19 12:31:40');
INSERT INTO wishlist (id, customer_id, product_id, created_at) VALUES (127, 43, 37, '2025-07-19 12:31:40');
INSERT INTO wishlist (id, customer_id, product_id, created_at) VALUES (128, 14, 24, '2025-07-19 12:31:40');
INSERT INTO wishlist (id, customer_id, product_id, created_at) VALUES (129, 19, 19, '2025-07-19 12:31:40');
INSERT INTO wishlist (id, customer_id, product_id, created_at) VALUES (130, 40, 40, '2025-07-19 12:31:40');
INSERT INTO wishlist (id, customer_id, product_id, created_at) VALUES (131, 31, 83, '2025-07-19 12:31:40');
INSERT INTO wishlist (id, customer_id, product_id, created_at) VALUES (132, 17, 18, '2025-07-19 12:31:40');
INSERT INTO wishlist (id, customer_id, product_id, created_at) VALUES (133, 43, 79, '2025-07-19 12:31:40');
INSERT INTO wishlist (id, customer_id, product_id, created_at) VALUES (134, 19, 46, '2025-07-19 12:31:40');
INSERT INTO wishlist (id, customer_id, product_id, created_at) VALUES (135, 9, 46, '2025-07-19 12:31:40');
INSERT INTO wishlist (id, customer_id, product_id, created_at) VALUES (136, 40, 63, '2025-07-19 12:31:40');
INSERT INTO wishlist (id, customer_id, product_id, created_at) VALUES (137, 38, 85, '2025-07-19 12:31:40');
INSERT INTO wishlist (id, customer_id, product_id, created_at) VALUES (138, 49, 37, '2025-07-19 12:31:40');
INSERT INTO wishlist (id, customer_id, product_id, created_at) VALUES (139, 45, 37, '2025-07-19 12:31:40');
INSERT INTO wishlist (id, customer_id, product_id, created_at) VALUES (140, 8, 64, '2025-07-19 12:31:40');
INSERT INTO wishlist (id, customer_id, product_id, created_at) VALUES (141, 38, 87, '2025-07-19 12:31:40');
INSERT INTO wishlist (id, customer_id, product_id, created_at) VALUES (142, 3, 69, '2025-07-19 12:31:40');
INSERT INTO wishlist (id, customer_id, product_id, created_at) VALUES (143, 13, 21, '2025-07-19 12:31:40');
INSERT INTO wishlist (id, customer_id, product_id, created_at) VALUES (144, 15, 79, '2025-07-19 12:31:40');
INSERT INTO wishlist (id, customer_id, product_id, created_at) VALUES (145, 5, 12, '2025-07-19 12:31:40');
INSERT INTO wishlist (id, customer_id, product_id, created_at) VALUES (146, 15, 13, '2025-07-19 12:31:40');
INSERT INTO wishlist (id, customer_id, product_id, created_at) VALUES (147, 38, 37, '2025-07-19 12:31:40');
INSERT INTO wishlist (id, customer_id, product_id, created_at) VALUES (148, 29, 73, '2025-07-19 12:31:40');
INSERT INTO wishlist (id, customer_id, product_id, created_at) VALUES (149, 48, 57, '2025-07-19 12:31:40');
INSERT INTO wishlist (id, customer_id, product_id, created_at) VALUES (150, 50, 25, '2025-07-19 12:31:40');
INSERT INTO wishlist (id, customer_id, product_id, created_at) VALUES (151, 13, 54, '2025-07-19 12:31:40');
INSERT INTO wishlist (id, customer_id, product_id, created_at) VALUES (152, 46, 97, '2025-07-19 12:31:40');
INSERT INTO wishlist (id, customer_id, product_id, created_at) VALUES (153, 5, 59, '2025-07-19 12:31:40');
INSERT INTO wishlist (id, customer_id, product_id, created_at) VALUES (154, 32, 38, '2025-07-19 12:31:40');
INSERT INTO wishlist (id, customer_id, product_id, created_at) VALUES (155, 1, 89, '2025-07-19 12:31:40');
INSERT INTO wishlist (id, customer_id, product_id, created_at) VALUES (156, 21, 40, '2025-07-19 12:31:40');
INSERT INTO wishlist (id, customer_id, product_id, created_at) VALUES (157, 38, 58, '2025-07-19 12:31:40');
INSERT INTO wishlist (id, customer_id, product_id, created_at) VALUES (158, 31, 31, '2025-07-19 12:31:40');
INSERT INTO wishlist (id, customer_id, product_id, created_at) VALUES (159, 35, 59, '2025-07-19 12:31:40');
INSERT INTO wishlist (id, customer_id, product_id, created_at) VALUES (160, 41, 34, '2025-07-19 12:31:40');
INSERT INTO wishlist (id, customer_id, product_id, created_at) VALUES (161, 12, 17, '2025-07-19 12:31:40');
INSERT INTO wishlist (id, customer_id, product_id, created_at) VALUES (162, 7, 19, '2025-07-19 12:31:40');
INSERT INTO wishlist (id, customer_id, product_id, created_at) VALUES (163, 25, 91, '2025-07-19 12:31:40');
INSERT INTO wishlist (id, customer_id, product_id, created_at) VALUES (164, 2, 48, '2025-07-19 12:31:40');
INSERT INTO wishlist (id, customer_id, product_id, created_at) VALUES (165, 15, 1, '2025-07-19 12:31:40');
INSERT INTO wishlist (id, customer_id, product_id, created_at) VALUES (166, 9, 86, '2025-07-19 12:31:40');
INSERT INTO wishlist (id, customer_id, product_id, created_at) VALUES (167, 39, 26, '2025-07-19 12:31:40');
INSERT INTO wishlist (id, customer_id, product_id, created_at) VALUES (168, 48, 5, '2025-07-19 12:31:40');
INSERT INTO wishlist (id, customer_id, product_id, created_at) VALUES (169, 17, 50, '2025-07-19 12:31:40');
INSERT INTO wishlist (id, customer_id, product_id, created_at) VALUES (170, 27, 14, '2025-07-19 12:31:40');
INSERT INTO wishlist (id, customer_id, product_id, created_at) VALUES (171, 5, 8, '2025-07-19 12:31:40');
INSERT INTO wishlist (id, customer_id, product_id, created_at) VALUES (172, 6, 30, '2025-07-19 12:31:40');
INSERT INTO wishlist (id, customer_id, product_id, created_at) VALUES (173, 9, 93, '2025-07-19 12:31:40');
INSERT INTO wishlist (id, customer_id, product_id, created_at) VALUES (174, 6, 83, '2025-07-19 12:31:40');
INSERT INTO wishlist (id, customer_id, product_id, created_at) VALUES (175, 40, 47, '2025-07-19 12:31:40');
INSERT INTO wishlist (id, customer_id, product_id, created_at) VALUES (176, 49, 47, '2025-07-19 12:31:40');
INSERT INTO wishlist (id, customer_id, product_id, created_at) VALUES (177, 20, 54, '2025-07-19 12:31:40');
INSERT INTO wishlist (id, customer_id, product_id, created_at) VALUES (178, 26, 98, '2025-07-19 12:31:40');
INSERT INTO wishlist (id, customer_id, product_id, created_at) VALUES (179, 17, 73, '2025-07-19 12:31:40');
INSERT INTO wishlist (id, customer_id, product_id, created_at) VALUES (180, 32, 98, '2025-07-19 12:31:40');
INSERT INTO wishlist (id, customer_id, product_id, created_at) VALUES (181, 50, 6, '2025-07-19 12:31:40');
INSERT INTO wishlist (id, customer_id, product_id, created_at) VALUES (182, 14, 17, '2025-07-19 12:31:40');
INSERT INTO wishlist (id, customer_id, product_id, created_at) VALUES (183, 3, 72, '2025-07-19 12:31:40');
INSERT INTO wishlist (id, customer_id, product_id, created_at) VALUES (184, 22, 1, '2025-07-19 12:31:40');
INSERT INTO wishlist (id, customer_id, product_id, created_at) VALUES (185, 37, 67, '2025-07-19 12:31:40');
INSERT INTO wishlist (id, customer_id, product_id, created_at) VALUES (186, 7, 69, '2025-07-19 12:31:40');
INSERT INTO wishlist (id, customer_id, product_id, created_at) VALUES (187, 1, 96, '2025-07-19 12:31:40');
INSERT INTO wishlist (id, customer_id, product_id, created_at) VALUES (188, 39, 98, '2025-07-19 12:31:40');
INSERT INTO wishlist (id, customer_id, product_id, created_at) VALUES (189, 28, 86, '2025-07-19 12:31:40');
INSERT INTO wishlist (id, customer_id, product_id, created_at) VALUES (190, 32, 57, '2025-07-19 12:31:40');
INSERT INTO wishlist (id, customer_id, product_id, created_at) VALUES (191, 48, 8, '2025-07-19 12:31:40');
INSERT INTO wishlist (id, customer_id, product_id, created_at) VALUES (192, 26, 33, '2025-07-19 12:31:40');
INSERT INTO wishlist (id, customer_id, product_id, created_at) VALUES (193, 6, 56, '2025-07-19 12:31:40');
INSERT INTO wishlist (id, customer_id, product_id, created_at) VALUES (194, 24, 67, '2025-07-19 12:31:40');
INSERT INTO wishlist (id, customer_id, product_id, created_at) VALUES (195, 47, 63, '2025-07-19 12:31:40');
INSERT INTO wishlist (id, customer_id, product_id, created_at) VALUES (196, 18, 85, '2025-07-19 12:31:40');
INSERT INTO wishlist (id, customer_id, product_id, created_at) VALUES (197, 10, 41, '2025-07-19 12:31:40');
INSERT INTO wishlist (id, customer_id, product_id, created_at) VALUES (198, 23, 6, '2025-07-19 12:31:40');
INSERT INTO wishlist (id, customer_id, product_id, created_at) VALUES (199, 45, 34, '2025-07-19 12:31:40');
INSERT INTO wishlist (id, customer_id, product_id, created_at) VALUES (200, 50, 93, '2025-07-19 12:31:40');
INSERT INTO wishlist (id, customer_id, product_id, created_at) VALUES (201, 34, 61, '2025-07-19 12:31:40');
INSERT INTO wishlist (id, customer_id, product_id, created_at) VALUES (202, 49, 7, '2025-07-19 12:31:40');
INSERT INTO wishlist (id, customer_id, product_id, created_at) VALUES (203, 20, 80, '2025-07-19 12:31:40');
INSERT INTO wishlist (id, customer_id, product_id, created_at) VALUES (204, 39, 51, '2025-07-19 12:31:40');
INSERT INTO wishlist (id, customer_id, product_id, created_at) VALUES (205, 10, 45, '2025-07-19 12:31:40');
INSERT INTO wishlist (id, customer_id, product_id, created_at) VALUES (206, 34, 98, '2025-07-19 12:31:40');
INSERT INTO wishlist (id, customer_id, product_id, created_at) VALUES (207, 45, 51, '2025-07-19 12:31:40');
INSERT INTO wishlist (id, customer_id, product_id, created_at) VALUES (208, 44, 86, '2025-07-19 12:31:40');
INSERT INTO wishlist (id, customer_id, product_id, created_at) VALUES (209, 34, 77, '2025-07-19 12:31:40');
INSERT INTO wishlist (id, customer_id, product_id, created_at) VALUES (210, 42, 82, '2025-07-19 12:31:40');
INSERT INTO wishlist (id, customer_id, product_id, created_at) VALUES (211, 31, 63, '2025-07-19 12:31:40');
INSERT INTO wishlist (id, customer_id, product_id, created_at) VALUES (212, 14, 50, '2025-07-19 12:31:40');
INSERT INTO wishlist (id, customer_id, product_id, created_at) VALUES (213, 34, 87, '2025-07-19 12:31:40');
INSERT INTO wishlist (id, customer_id, product_id, created_at) VALUES (214, 16, 100, '2025-07-19 12:31:40');
INSERT INTO wishlist (id, customer_id, product_id, created_at) VALUES (215, 1, 7, '2025-07-19 12:31:40');
INSERT INTO wishlist (id, customer_id, product_id, created_at) VALUES (216, 16, 33, '2025-07-19 12:31:40');
INSERT INTO wishlist (id, customer_id, product_id, created_at) VALUES (217, 36, 57, '2025-07-19 12:31:40');
INSERT INTO wishlist (id, customer_id, product_id, created_at) VALUES (218, 35, 79, '2025-07-19 12:31:40');
INSERT INTO wishlist (id, customer_id, product_id, created_at) VALUES (219, 43, 90, '2025-07-19 12:31:40');
INSERT INTO wishlist (id, customer_id, product_id, created_at) VALUES (220, 47, 93, '2025-07-19 12:31:40');
INSERT INTO wishlist (id, customer_id, product_id, created_at) VALUES (221, 44, 55, '2025-07-19 12:31:40');
INSERT INTO wishlist (id, customer_id, product_id, created_at) VALUES (222, 8, 9, '2025-07-19 12:31:40');
INSERT INTO wishlist (id, customer_id, product_id, created_at) VALUES (223, 50, 66, '2025-07-19 12:31:40');
INSERT INTO wishlist (id, customer_id, product_id, created_at) VALUES (224, 16, 61, '2025-07-19 12:31:40');
INSERT INTO wishlist (id, customer_id, product_id, created_at) VALUES (225, 5, 63, '2025-07-19 12:31:40');
INSERT INTO wishlist (id, customer_id, product_id, created_at) VALUES (226, 43, 41, '2025-07-19 12:31:40');
INSERT INTO wishlist (id, customer_id, product_id, created_at) VALUES (227, 23, 2, '2025-07-19 12:31:40');
INSERT INTO wishlist (id, customer_id, product_id, created_at) VALUES (228, 38, 67, '2025-07-19 12:31:40');
INSERT INTO wishlist (id, customer_id, product_id, created_at) VALUES (229, 5, 47, '2025-07-19 12:31:40');
INSERT INTO wishlist (id, customer_id, product_id, created_at) VALUES (230, 4, 91, '2025-07-19 12:31:40');
INSERT INTO wishlist (id, customer_id, product_id, created_at) VALUES (231, 18, 3, '2025-07-19 12:31:40');
INSERT INTO wishlist (id, customer_id, product_id, created_at) VALUES (232, 5, 35, '2025-07-19 12:31:40');
INSERT INTO wishlist (id, customer_id, product_id, created_at) VALUES (233, 23, 27, '2025-07-19 12:31:40');
INSERT INTO wishlist (id, customer_id, product_id, created_at) VALUES (234, 48, 98, '2025-07-19 12:31:40');
INSERT INTO wishlist (id, customer_id, product_id, created_at) VALUES (235, 2, 19, '2025-07-19 12:31:40');
INSERT INTO wishlist (id, customer_id, product_id, created_at) VALUES (236, 43, 67, '2025-07-19 12:31:40');
INSERT INTO wishlist (id, customer_id, product_id, created_at) VALUES (237, 41, 7, '2025-07-19 12:31:40');
INSERT INTO wishlist (id, customer_id, product_id, created_at) VALUES (238, 45, 23, '2025-07-19 12:31:40');
INSERT INTO wishlist (id, customer_id, product_id, created_at) VALUES (239, 25, 73, '2025-07-19 12:31:40');
INSERT INTO wishlist (id, customer_id, product_id, created_at) VALUES (240, 10, 81, '2025-07-19 12:31:40');
INSERT INTO wishlist (id, customer_id, product_id, created_at) VALUES (241, 21, 67, '2025-07-19 12:31:40');
INSERT INTO wishlist (id, customer_id, product_id, created_at) VALUES (242, 5, 46, '2025-07-19 12:31:40');
INSERT INTO wishlist (id, customer_id, product_id, created_at) VALUES (243, 1, 69, '2025-07-19 12:31:40');
INSERT INTO wishlist (id, customer_id, product_id, created_at) VALUES (244, 21, 99, '2025-07-19 12:31:40');
INSERT INTO wishlist (id, customer_id, product_id, created_at) VALUES (245, 35, 50, '2025-07-19 12:31:40');
INSERT INTO wishlist (id, customer_id, product_id, created_at) VALUES (246, 20, 48, '2025-07-19 12:31:40');
INSERT INTO wishlist (id, customer_id, product_id, created_at) VALUES (247, 12, 68, '2025-07-19 12:31:40');
INSERT INTO wishlist (id, customer_id, product_id, created_at) VALUES (248, 36, 53, '2025-07-19 12:31:40');
INSERT INTO wishlist (id, customer_id, product_id, created_at) VALUES (249, 26, 99, '2025-07-19 12:31:40');
INSERT INTO wishlist (id, customer_id, product_id, created_at) VALUES (250, 18, 86, '2025-07-19 12:31:40');
INSERT INTO wishlist (id, customer_id, product_id, created_at) VALUES (251, 11, 47, '2025-07-19 12:31:40');
INSERT INTO wishlist (id, customer_id, product_id, created_at) VALUES (252, 35, 9, '2025-07-19 12:31:40');
INSERT INTO wishlist (id, customer_id, product_id, created_at) VALUES (253, 18, 50, '2025-07-19 12:31:40');
INSERT INTO wishlist (id, customer_id, product_id, created_at) VALUES (254, 22, 67, '2025-07-19 12:31:40');
INSERT INTO wishlist (id, customer_id, product_id, created_at) VALUES (255, 2, 17, '2025-07-19 12:31:40');
INSERT INTO wishlist (id, customer_id, product_id, created_at) VALUES (256, 37, 16, '2025-07-19 12:31:40');
INSERT INTO wishlist (id, customer_id, product_id, created_at) VALUES (257, 31, 54, '2025-07-19 12:31:40');
INSERT INTO wishlist (id, customer_id, product_id, created_at) VALUES (258, 44, 79, '2025-07-19 12:31:40');
INSERT INTO wishlist (id, customer_id, product_id, created_at) VALUES (259, 15, 6, '2025-07-19 12:31:40');
INSERT INTO wishlist (id, customer_id, product_id, created_at) VALUES (260, 21, 93, '2025-07-19 12:31:40');
INSERT INTO wishlist (id, customer_id, product_id, created_at) VALUES (261, 18, 3, '2025-07-19 12:31:40');
INSERT INTO wishlist (id, customer_id, product_id, created_at) VALUES (262, 3, 16, '2025-07-19 12:31:40');
INSERT INTO wishlist (id, customer_id, product_id, created_at) VALUES (263, 32, 71, '2025-07-19 12:31:40');
INSERT INTO wishlist (id, customer_id, product_id, created_at) VALUES (264, 32, 1, '2025-07-19 12:31:40');
INSERT INTO wishlist (id, customer_id, product_id, created_at) VALUES (265, 8, 77, '2025-07-19 12:31:40');
INSERT INTO wishlist (id, customer_id, product_id, created_at) VALUES (266, 18, 44, '2025-07-19 12:31:40');
INSERT INTO wishlist (id, customer_id, product_id, created_at) VALUES (267, 8, 44, '2025-07-19 12:31:40');
INSERT INTO wishlist (id, customer_id, product_id, created_at) VALUES (268, 36, 27, '2025-07-19 12:31:40');
INSERT INTO wishlist (id, customer_id, product_id, created_at) VALUES (269, 11, 23, '2025-07-19 12:31:40');
INSERT INTO wishlist (id, customer_id, product_id, created_at) VALUES (270, 25, 78, '2025-07-19 12:31:40');
INSERT INTO wishlist (id, customer_id, product_id, created_at) VALUES (271, 22, 79, '2025-07-19 12:31:40');
INSERT INTO wishlist (id, customer_id, product_id, created_at) VALUES (272, 32, 85, '2025-07-19 12:31:40');
INSERT INTO wishlist (id, customer_id, product_id, created_at) VALUES (273, 16, 2, '2025-07-19 12:31:40');
INSERT INTO wishlist (id, customer_id, product_id, created_at) VALUES (274, 8, 71, '2025-07-19 12:31:40');
INSERT INTO wishlist (id, customer_id, product_id, created_at) VALUES (275, 4, 26, '2025-07-19 12:31:40');
INSERT INTO wishlist (id, customer_id, product_id, created_at) VALUES (276, 2, 41, '2025-07-19 12:31:40');
INSERT INTO wishlist (id, customer_id, product_id, created_at) VALUES (277, 48, 49, '2025-07-19 12:31:40');
INSERT INTO wishlist (id, customer_id, product_id, created_at) VALUES (278, 31, 58, '2025-07-19 12:31:40');
INSERT INTO wishlist (id, customer_id, product_id, created_at) VALUES (279, 4, 62, '2025-07-19 12:31:40');
INSERT INTO wishlist (id, customer_id, product_id, created_at) VALUES (280, 45, 57, '2025-07-19 12:31:40');
INSERT INTO wishlist (id, customer_id, product_id, created_at) VALUES (281, 10, 23, '2025-07-19 12:31:40');
INSERT INTO wishlist (id, customer_id, product_id, created_at) VALUES (282, 29, 19, '2025-07-19 12:31:40');
INSERT INTO wishlist (id, customer_id, product_id, created_at) VALUES (283, 11, 54, '2025-07-19 12:31:40');
INSERT INTO wishlist (id, customer_id, product_id, created_at) VALUES (284, 1, 48, '2025-07-19 12:31:40');
INSERT INTO wishlist (id, customer_id, product_id, created_at) VALUES (285, 17, 24, '2025-07-19 12:31:40');
INSERT INTO wishlist (id, customer_id, product_id, created_at) VALUES (286, 9, 19, '2025-07-19 12:31:40');
INSERT INTO wishlist (id, customer_id, product_id, created_at) VALUES (287, 20, 43, '2025-07-19 12:31:40');
INSERT INTO wishlist (id, customer_id, product_id, created_at) VALUES (288, 47, 36, '2025-07-19 12:31:40');
INSERT INTO wishlist (id, customer_id, product_id, created_at) VALUES (289, 1, 2, '2025-07-19 12:31:40');
INSERT INTO wishlist (id, customer_id, product_id, created_at) VALUES (290, 2, 8, '2025-07-19 12:31:40');
INSERT INTO wishlist (id, customer_id, product_id, created_at) VALUES (291, 15, 24, '2025-07-19 12:31:40');
INSERT INTO wishlist (id, customer_id, product_id, created_at) VALUES (292, 15, 76, '2025-07-19 12:31:40');
INSERT INTO wishlist (id, customer_id, product_id, created_at) VALUES (293, 45, 21, '2025-07-19 12:31:40');
INSERT INTO wishlist (id, customer_id, product_id, created_at) VALUES (294, 17, 9, '2025-07-19 12:31:40');
INSERT INTO wishlist (id, customer_id, product_id, created_at) VALUES (295, 20, 72, '2025-07-19 12:31:40');
INSERT INTO wishlist (id, customer_id, product_id, created_at) VALUES (296, 20, 81, '2025-07-19 12:31:40');
INSERT INTO wishlist (id, customer_id, product_id, created_at) VALUES (297, 44, 91, '2025-07-19 12:31:40');
INSERT INTO wishlist (id, customer_id, product_id, created_at) VALUES (298, 47, 94, '2025-07-19 12:31:40');
INSERT INTO wishlist (id, customer_id, product_id, created_at) VALUES (299, 44, 54, '2025-07-19 12:31:40');
INSERT INTO wishlist (id, customer_id, product_id, created_at) VALUES (300, 4, 71, '2025-07-19 12:31:40');
